0.077,0.061,0.043,0.034,-0.004,-0.019,0.016,0.001,-0.073,-0.06,-0.058,0.005,-0.031,-0.069,0.06,0.066,0.004,-0.056,-0.061,-0.066,0.026,0.076,0.023,0.043,-0.018,-0.03,0.034,0.029,0.055,0.046,-0.063,0.102,0.065,0.023,0.001,0.059,-0.008,-0.001,0.027,0.056,-0.063,-0.044,-0.06,-0.014,-0.022,0.043,0.048,0.04,0.062,0.027,-0.024,-0.056,-0.034,-0.034,0.026,0.034,0.022,0.137,-0.043,-0.024,0.104,-0.064,0.014,0.006,-0.065,0.102,0.011,-0.017,-0.029,-0.004,0.022,0.015,-0.005,-0.025,0.033,0.015,-0.026,0.007,-0.004,-0.042,0.025,0.032,0.014,0.088,0.314,0.635,1.159,1.691,1.936,1.89,1.635,1.077,0.679,0.269,0.092,0.067,-0.057,-0.007,-0.012,-0.007,0.12,0.058,-0.04,-0.02,-0.041,-0.088,0.005,-0.008,0.016,-0.084,-0.008,-0.033,0.092,0.015,0.014,-0.043,0.183,0.243,0.636,1.153,1.637,1.845,1.854,1.595,1.108,0.591,0.31,0.124,-0.022,0.01,0.003,0.061,-0.013,0.01,-0.038,0.106,0.04,0.004,-0.046,0.05,0.027,-0.039,0.005,0.023,-0.004,0.015,-0.069,0.049,0.019,0.049,0.011,-0.032,-0.075,0.028,0.008,-0.055,0.059,0.023,-0.042,-0.05,-0.072,0.042,0.005,-0.046,0.031,0.058,0.068,0.019,-0.006,0.053,-0.094,0.039,-0.017,-0.064,-0.037,-0.013,0.009,0.007,0.066,0.289,0.785,1.284,2.377,3.42,4.237,4.872,5.082,4.849,4.221,3.292,2.346,1.453,0.731,0.42,0.11,0.126,-0.009,0.101,-0.008,-0.067,-0.033,0.04,0.032,0.059,0.03,-0.029,-0.039,-0.029,0.084,0.052,0.018,-0.011,-0.086,0.01,0.058,0.037,-0.022,-0.059,0.021,0.364,0.796,1.332,2.352,3.32,4.249,4.99,5.259,5.22,4.907,4.339,3.317,2.398,1.452,0.75,0.269,0.113,0.005,-0.038,0.029,0.008,0.0,0.007,-0.034,-0.026,0.068,0.343,0.837,1.41,2.327,3.411,4.234,5.002,5.421,5.611,5.603,5.364,4.924,4.252,3.39,2.241,1.495,0.757,0.289,0.024,0.165,0.02,0.001,0.076,0.043,-0.029,-0.019,-0.038
-0.093,0.033,0.05,-0.041,-0.029,0.037,-0.016,0.06,0.037,0.009,0.074,0.121,0.341,0.771,1.415,2.364,3.272,4.162,4.692,4.638,4.143,3.248,2.291,1.484,0.766,0.267,0.044,0.04,0.22,0.361,0.822,1.446,2.283,3.051,3.466,3.52,3.079,2.263,1.431,0.754,0.351,0.109,-0.065,-0.033,-0.042,0.061,-0.05,-0.019,0.029,-0.069,-0.009,-0.095,0.056,0.132,0.286,0.622,1.094,1.64,1.956,1.967,1.559,1.098,0.646,0.286,0.103,-0.057,0.041,0.086,-0.041,-0.012,-0.088,0.05,0.004,0.077,0.045,-0.008,0.018,0.011,-0.097,-0.019,-0.024,-0.074,-0.061,-0.001,0.048,-0.037,-0.03,-0.052,0.055,0.012,0.005,-0.098,0.015,-0.059,-0.032,-0.039,0.048,0.001,-0.098,-0.027,0.0,0.037,0.026,-0.002,-0.065,-0.031,0.004,0.095,-0.057,0.08,-0.021,0.316,0.756,1.341,2.353,3.41,4.253,5.063,5.355,5.532,5.383,5.032,4.292,3.369,2.415,1.4,0.711,0.43,0.169,-0.006,0.013,0.03,-0.001,0.014,-0.094,0.071,0.046,0.076,-0.028,-0.057,0.067,0.003,-0.024,0.001,0.068,-0.054,0.046,0.277,0.719,1.507,2.384,3.247,4.162,4.73,4.662,4.234,3.39,2.324,1.457,0.7,0.247,0.089,-0.073,0.064,0.093,-0.008,-0.042,0.078,0.067,-0.007,0.046,0.03,0.028,-0.042,-0.044,-0.041,-0.022,0.01,-0.07,-0.014,-0.054,-0.042,0.032,0.042,0.036,-0.037,-0.08,0.03,-0.044,-0.074,-0.033,0.034,0.076,0.034,0.004,0.063,0.023,-0.117,-0.014,0.01,-0.015,0.014,-0.027,0.03,-0.023,-0.007,0.009,0.031,0.051,0.001,0.023,0.038,0.007,0.046,-0.127,-0.026,0.007,0.006,0.095,-0.062,-0.02,0.088,0.114,0.398,0.697,1.478,2.385,3.285,4.212,4.984,5.434,5.719,5.768,5.758,5.717,5.712,5.728,5.557,5.476,4.942,4.305,3.286,2.362,1.428,0.768,0.372,0.095,0.097,0.084,0.125,0.422,0.807,1.537,2.492,3.352,4.291,4.932,5.064,4.839,4.305,3.362,2.322,1.42,0.787,0.321,0.13,0.042,-0.042,0.085,-0.029,0.047,-0.011
0.007,0.021,-0.011,0.093,0.314,0.813,1.408,2.358,3.418,4.268,4.94,5.235,5.341,4.921,4.303,3.513,2.636,2.096,1.936,1.94,2.073,1.925,1.691,1.472,1.338,1.699,2.214,2.682,2.791,2.576,2.042,1.548,1.011,1.033,1.387,2.076,2.636,2.915,2.701,1.978,1.352,0.687,0.406,0.102,0.024,0.047,0.05,0.003,0.04,0.01,0.037,-0.015,-0.009,0.034,-0.011,0.106,-0.046,0.093,0.012,-0.035,-0.035,-0.031,-0.019,-0.073,0.001,0.045,0.006,-0.041,-0.096,-0.005,0.067,0.031,-0.006,-0.042,0.021,0.008,-0.008,0.099,0.31,0.807,1.523,2.168,3.054,3.599,3.52,2.961,2.235,1.481,0.813,0.336,0.095,0.014,0.052,-0.011,0.12,0.004,0.028,-0.046,-0.053,-0.013,-0.038,-0.03,0.008,0.003,-0.011,-0.056,-0.09,-0.013,-0.036,-0.035,-0.047,-0.031,0.042,-0.005,0.04,0.117,0.017,-0.041,-0.043,-0.055,-0.094,0.007,0.038,-0.008,-0.112,-0.016,-0.078,-0.024,0.001,-0.015,0.0,-0.072,-0.009,0.106,0.401,0.713,1.445,2.322,3.292,4.011,4.276,3.896,3.288,2.304,1.471,0.776,0.287,0.096,0.075,0.029,-0.04,-0.109,0.027,0.007,-0.021,-0.041,0.019,-0.044,-0.076,0.002,0.04,-0.01,0.036,0.025,0.053,0.049,0.142,0.35,0.755,1.341,2.309,3.122,3.586,3.56,3.014,2.259,1.43,0.724,0.333,0.027,0.057,-0.139,0.001,-0.074,0.047,0.032,-0.124,-0.009,0.036,0.079,0.082,0.065,-0.007,-0.042,-0.033,-0.066,0.036,-0.05,0.086,0.43,0.759,1.343,2.42,3.334,4.097,4.562,4.647,4.157,3.328,2.348,1.432,0.777,0.321,0.121,-0.011,0.04,0.078,0.072,0.017,0.01,-0.015,0.138,0.372,0.692,1.481,2.373,3.308,4.261,5.057,5.387,5.62,5.532,5.413,5.024,4.383,3.475,2.362,1.403,0.837,0.357,0.06,0.169,0.029,0.143,0.314,0.823,1.461,2.376,3.359,4.105,4.642,4.595,4.141,3.316,2.356,1.376,0.803,0.261,0.14,0.076,-0.032,0.082,0.018,0.069,0.055,0.052,0.014,-0.002,-0.022,0.034,0.074,0.026
2.368,1.493,0.76,0.254,0.134,-0.01,0.01,0.015,-0.026,-0.087,0.061,0.03,0.112,-0.05,-0.009,0.01,-0.044,-0.021,-0.006,-0.103,0.019,-0.047,-0.012,0.009,-0.0,0.016,0.054,0.056,0.045,0.003,0.005,0.446,0.771,1.408,2.341,3.37,4.229,4.806,5.112,4.907,4.26,3.386,2.341,1.401,0.801,0.4,0.121,-0.014,0.042,-0.07,0.007,0.049,-0.07,-0.074,-0.108,-0.085,0.061,0.099,0.327,0.717,1.497,2.446,3.332,4.124,4.63,4.638,4.118,3.342,2.316,1.445,0.652,0.325,0.125,-0.056,0.088,0.038,0.05,-0.064,0.037,-0.03,0.019,0.026,0.022,-0.032,0.06,-0.009,0.018,-0.072,0.051,0.008,0.021,-0.098,-0.053,-0.028,-0.045,-0.04,0.037,-0.043,0.061,-0.006,0.15,0.297,0.728,1.498,2.332,3.056,3.545,3.505,3.017,2.276,1.404,0.732,0.35,0.063,-0.062,0.032,0.031,-0.038,-0.007,-0.023,0.074,0.181,0.255,0.662,1.434,2.375,3.391,4.16,4.654,4.605,4.218,3.305,2.373,1.428,0.781,0.272,0.141,0.028,-0.008,-0.077,-0.0,0.174,0.306,0.74,1.429,2.238,3.084,3.507,3.519,3.042,2.264,1.516,0.807,0.327,0.115,0.054,0.07,-0.048,0.019,0.099,-0.128,-0.041,0.017,0.06,0.017,0.003,0.005,0.002,0.038,0.05,0.006,0.005,-0.026,0.063,-0.08,-0.03,-0.092,0.105,0.006,0.06,0.244,0.323,0.756,1.399,2.396,3.355,4.165,4.669,4.756,4.249,3.338,2.383,1.497,0.754,0.226,0.18,0.077,0.001,-0.005,-0.026,0.02,0.028,-0.003,-0.062,0.051,-0.019,0.33,0.737,1.494,2.347,3.238,3.913,4.266,4.003,3.268,2.366,1.363,0.744,0.293,0.088,-0.007,0.01,0.032,0.023,-0.012,0.004,-0.013,0.139,0.343,0.811,1.404,2.29,2.989,3.526,3.487,3.19,2.572,2.099,2.328,2.67,3.271,4.033,4.221,3.995,3.254,2.324,1.443,0.79,0.32,0.082,-0.042,0.089,0.018,0.053,0.087,0.009,0.021,0.017,-0.073,-0.035,-0.112,0.042,-0.027,0.004,-0.052,-0.019,0.086,0.095,-0.025,-0.011,0.017,-0.055
-0.044,0.053,0.059,-0.034,0.137,0.34,0.786,1.488,2.347,3.446,4.335,4.994,5.447,5.494,5.455,5.033,4.37,3.407,2.357,1.387,0.668,0.234,0.163,-0.015,-0.061,-0.012,-0.07,-0.095,-0.012,0.047,0.063,0.059,-0.004,-0.005,-0.008,0.046,0.012,-0.022,-0.054,0.08,-0.022,-0.016,0.087,0.381,0.759,1.49,2.411,3.233,4.305,4.932,5.29,5.455,4.954,4.268,3.374,2.349,1.497,0.668,0.296,0.134,0.012,0.007,0.009,0.031,-0.036,0.042,0.073,0.046,0.308,0.729,1.412,2.282,3.265,3.947,4.334,3.994,3.217,2.368,1.408,0.72,0.328,0.123,0.012,0.102,0.028,-0.042,0.092,-0.079,-0.098,-0.005,0.119,-0.007,0.014,-0.004,0.039,-0.118,-0.006,0.042,-0.022,-0.095,-0.043,0.032,0.062,0.019,0.312,0.776,1.373,2.382,3.36,4.277,4.929,5.075,4.845,4.278,3.333,2.428,1.473,0.748,0.322,0.114,0.19,0.348,0.684,1.373,2.181,3.039,3.518,3.502,3.003,2.195,1.433,0.871,0.241,0.1,0.008,0.025,0.095,-0.033,-0.014,-0.024,0.022,0.087,-0.047,0.012,-0.08,-0.041,0.035,0.018,-0.077,-0.014,0.046,-0.056,0.014,0.034,0.033,0.038,-0.037,-0.016,0.077,0.347,0.806,1.519,2.317,3.426,4.312,5.011,5.057,4.835,4.21,3.362,2.391,1.548,0.822,0.656,0.893,1.26,2.014,2.574,2.865,2.647,1.98,1.35,0.684,0.486,0.049,0.087,-0.038,0.04,-0.013,-0.013,-0.039,0.046,0.008,-0.065,0.034,0.006,-0.008,0.015,-0.011,-0.073,-0.037,-0.093,-0.034,0.002,-0.087,0.079,0.055,0.373,0.732,1.384,2.321,3.283,3.932,4.237,3.937,3.314,2.379,1.479,0.72,0.272,0.062,-0.042,0.021,0.013,0.09,0.007,-0.061,-0.005,0.019,0.087,-0.02,-0.067,-0.071,0.033,-0.04,0.068,0.002,-0.009,-0.068,0.001,-0.044,-0.011,0.076,0.02,0.006,0.006,-0.012,0.016,0.015,0.139,0.349,0.754,1.425,2.402,3.371,4.274,4.971,5.428,5.72,5.709,5.661,5.435,4.909,4.317,3.382,2.422,1.645,1.082,1.147,1.482,2.323,3.041
0.002,-0.06,-0.034,-0.035,-0.011,-0.077,0.013,-0.041,0.041,0.055,0.01,0.151,0.004,0.071,-0.016,0.017,-0.038,0.065,0.349,0.694,1.479,2.38,3.354,4.27,4.91,5.122,4.863,4.255,3.418,2.375,1.484,0.723,0.405,0.09,-0.062,-0.021,0.078,0.02,0.145,-0.011,0.033,0.021,-0.009,0.035,-0.074,0.026,0.06,-0.035,-0.068,-0.047,0.06,0.01,0.017,-0.037,0.047,0.1,0.043,0.141,0.369,0.769,1.477,2.439,3.389,4.293,5.032,5.333,5.593,5.692,5.467,5.065,4.304,3.326,2.313,1.396,0.748,0.303,0.193,0.036,-0.018,0.064,0.003,0.297,0.741,1.362,2.052,2.501,2.853,2.579,2.034,1.417,0.768,0.415,0.095,0.108,-0.035,0.065,-0.056,-0.034,-0.066,0.076,0.029,0.123,-0.015,-0.011,0.036,-0.121,0.009,0.016,0.084,-0.019,-0.055,0.044,0.055,-0.062,0.136,0.362,0.795,1.421,2.429,3.357,4.348,4.98,5.434,5.618,5.661,5.593,5.472,4.999,4.312,3.429,2.291,1.524,0.774,0.299,0.114,-0.011,0.003,0.024,-0.051,-0.014,0.128,0.016,0.019,-0.024,-0.06,0.065,0.242,0.74,1.38,2.311,2.989,3.502,3.475,3.042,2.347,1.434,0.727,0.38,0.095,0.1,-0.009,0.032,0.006,0.005,-0.063,-0.016,0.063,-0.04,-0.078,0.057,-0.007,-0.092,0.04,0.048,0.352,0.788,1.4,2.254,3.255,4.034,4.308,3.981,3.174,2.412,1.441,0.754,0.243,0.12,0.063,-0.023,-0.066,-0.039,-0.049,0.021,0.033,0.082,0.017,-0.029,-0.023,0.013,0.029,0.001,-0.039,-0.016,0.026,0.08,0.417,0.725,1.423,2.236,3.376,4.295,4.919,5.096,4.909,4.223,3.363,2.329,1.469,0.712,0.265,0.094,0.017,-0.046,-0.045,-0.013,-0.016,0.076,0.017,0.024,0.041,0.424,0.749,1.394,2.279,3.039,3.582,3.528,3.139,2.152,1.429,0.806,0.237,0.073,0.018,0.003,0.013,0.021,0.051,-0.028,0.038,0.05,0.045,-0.1,0.062,-0.038,-0.063,0.058,0.038,-0.061,0.026,0.096,-0.064,0.006,-0.039,0.017,-0.032,-0.075,0.078,-0.019,0.117,0.24
2.315,3.333,4.172,4.622,4.673,4.098,3.41,2.267,1.48,0.731,0.328,0.114,0.033,0.018,0.022,0.066,-0.028,-0.055,-0.0,0.031,-0.014,0.023,0.011,-0.051,-0.026,0.009,0.091,-0.003,-0.045,0.009,-0.004,-0.064,-0.058,0.012,-0.034,0.005,-0.019,-0.078,0.094,0.006,-0.062,-0.017,0.073,0.018,0.026,-0.046,0.019,0.114,0.276,0.786,1.441,2.373,3.351,3.967,4.21,3.998,3.238,2.395,1.403,0.768,0.259,0.156,0.036,-0.109,0.014,-0.015,0.045,-0.006,-0.03,0.071,-0.071,0.096,-0.011,-0.077,-0.016,-0.074,0.021,0.081,0.004,0.045,-0.038,0.016,-0.043,-0.042,0.113,0.022,-0.094,0.076,0.317,0.703,1.512,2.272,3.089,3.491,3.508,3.052,2.268,1.421,0.789,0.299,0.112,-0.014,-0.105,-0.072,-0.073,-0.066,-0.018,0.033,-0.067,-0.031,-0.096,0.08,0.267,0.686,1.492,2.3,3.386,4.315,5.003,5.362,5.524,5.66,5.756,5.632,5.654,5.483,4.947,4.235,3.379,2.334,1.404,0.675,0.3,0.221,0.081,-0.02,-0.02,-0.01,0.025,0.011,-0.103,0.001,0.059,-0.003,-0.008,0.104,0.292,0.625,1.119,1.593,1.934,1.942,1.722,1.105,0.708,0.159,0.101,-0.017,0.012,-0.067,0.066,0.034,-0.072,0.043,-0.025,-0.045,-0.067,-0.022,-0.027,0.001,-0.09,-0.007,0.102,0.079,-0.013,0.03,-0.01,-0.098,-0.009,0.109,0.375,0.755,1.427,2.317,3.328,4.243,4.849,5.155,4.818,4.244,3.433,2.347,1.455,0.788,0.381,0.105,0.109,-0.009,-0.091,0.002,0.034,-0.064,-0.019,-0.011,-0.037,0.052,-0.049,-0.038,-0.054,-0.006,0.129,0.314,0.74,1.405,2.289,3.302,4.295,4.849,5.082,4.834,4.268,3.333,2.356,1.475,0.707,0.253,0.094,0.029,0.053,-0.041,0.03,-0.013,0.029,0.049,0.09,0.304,0.787,1.402,2.407,3.403,4.308,4.853,5.008,4.795,4.236,3.405,2.325,1.4,0.818,0.249,0.08,0.008,0.009,-0.069,0.134,-0.006,-0.019,0.004,-0.02,-0.033,-0.076,0.021,0.003,0.035,0.334,0.764,1.425,2.287,3.381,4.278,4.999,5.421
-0.033,0.006,0.027,0.001,-0.109,0.033,-0.015,-0.044,-0.043,-0.015,-0.014,0.109,0.302,0.808,1.402,2.389,3.341,4.185,4.613,4.67,4.117,3.385,2.414,1.421,0.737,0.383,0.012,-0.027,-0.01,-0.003,0.115,0.037,0.064,-0.074,-0.01,-0.048,-0.061,0.005,-0.079,0.032,-0.033,0.036,0.021,-0.019,0.018,-0.03,-0.033,-0.062,0.044,0.014,0.043,0.278,0.768,1.437,2.394,3.32,3.951,4.172,4.032,3.278,2.361,1.443,0.642,0.374,0.085,-0.005,-0.051,0.031,0.01,0.035,-0.002,-0.026,0.044,0.069,0.01,0.053,-0.06,0.028,-0.013,-0.006,-0.105,-0.032,0.009,0.005,0.042,-0.013,-0.085,0.026,-0.003,-0.038,0.014,0.043,0.027,-0.033,0.058,0.038,0.316,0.818,1.519,2.379,3.198,3.993,4.22,3.964,3.152,2.324,1.488,0.743,0.253,0.203,0.012,-0.052,0.034,0.042,0.005,-0.101,0.022,0.144,0.409,0.749,1.408,2.324,3.234,4.031,4.243,3.947,3.176,2.365,1.548,0.74,0.317,0.14,0.083,0.039,0.065,-0.047,-0.022,-0.012,0.067,0.025,-0.022,-0.01,0.014,0.081,0.032,-0.032,0.028,-0.036,0.024,0.072,0.126,0.312,0.658,1.355,1.993,2.596,2.94,2.602,2.109,1.339,0.726,0.32,0.165,0.061,-0.026,0.004,-0.049,-0.035,-0.011,-0.011,-0.023,-0.067,-0.025,0.02,-0.008,0.102,0.04,0.054,0.108,0.223,0.768,1.409,2.409,3.306,4.038,4.287,3.931,3.236,2.325,1.4,0.719,0.322,0.072,0.06,0.027,0.046,0.027,-0.006,-0.02,0.004,-0.059,-0.021,0.102,-0.065,0.102,0.064,-0.011,0.013,0.005,0.027,0.094,0.189,0.319,0.825,1.506,2.377,3.377,4.231,4.936,5.472,5.477,5.459,5.005,4.291,3.327,2.302,1.471,0.691,0.361,0.148,0.074,-0.03,0.066,-0.064,-0.007,0.045,-0.025,-0.048,-0.014,-0.003,-0.006,-0.013,-0.079,-0.08,0.032,-0.05,0.043,0.361,0.871,1.605,2.312,3.285,4.252,4.88,5.223,5.375,4.978,4.233,3.367,2.319,1.506,0.835,0.32,0.107,0.004,0.046,0.009,0.077,-0.041,0.025,-0.089,-0.068
0.074,0.021,0.014,-0.039,-0.003,0.002,0.05,0.028,-0.071,-0.004,-0.042,-0.074,0.027,-0.024,0.057,0.088,0.044,0.308,0.752,1.508,2.429,3.404,4.218,4.759,5.062,4.882,4.258,3.381,2.36,1.396,0.72,0.228,0.062,0.003,-0.015,0.042,-0.014,-0.004,-0.001,0.013,-0.055,0.062,-0.008,-0.057,0.023,-0.032,-0.012,-0.103,-0.045,0.025,-0.024,-0.11,-0.026,0.037,0.077,0.421,0.671,1.341,2.135,2.637,2.763,2.658,2.018,1.409,0.656,0.454,0.155,0.044,0.054,0.031,-0.014,-0.022,-0.008,0.018,0.034,0.013,0.117,-0.001,0.065,0.049,0.005,-0.011,0.027,0.011,0.033,0.04,0.073,0.357,0.826,1.423,2.223,2.995,3.654,3.54,3.029,2.302,1.416,0.741,0.308,0.12,0.091,0.107,0.028,-0.035,-0.014,-0.066,0.01,-0.037,0.028,-0.082,0.035,0.01,-0.024,0.019,-0.019,-0.007,-0.049,0.099,0.002,0.035,-0.014,0.001,0.046,0.089,0.067,-0.04,0.349,0.763,1.45,2.356,3.245,3.96,4.157,3.997,3.252,2.304,1.462,0.809,0.276,0.133,-0.028,0.021,0.026,-0.022,-0.041,-0.041,-0.086,0.02,-0.025,-0.025,-0.007,0.083,0.056,0.03,-0.082,0.018,0.15,0.278,0.717,1.496,2.37,3.395,4.203,4.656,4.734,4.204,3.342,2.294,1.509,0.738,0.341,0.047,0.06,0.036,0.019,0.048,0.016,0.02,-0.032,0.064,0.021,0.011,0.017,-0.041,-0.048,-0.04,-0.019,0.011,0.144,-0.035,0.03,-0.015,0.115,0.301,0.705,1.474,2.412,3.375,4.21,4.914,5.385,5.559,5.419,4.946,4.275,3.383,2.366,1.464,0.683,0.314,0.153,0.063,0.052,0.046,0.033,0.1,-0.047,-0.08,0.005,-0.031,0.036,0.038,0.049,0.185,0.287,0.798,1.435,2.27,3.376,4.194,4.694,4.663,4.175,3.335,2.361,1.445,0.752,0.309,0.102,-0.06,0.047,-0.019,-0.012,-0.021,-0.111,0.003,-0.042,-0.039,0.048,0.077,0.139,0.374,0.754,1.453,2.293,3.257,3.98,4.237,3.997,3.294,2.298,1.494,0.725,0.355,0.078,0.051,0.074,0.047,-0.092,0.025,-0.026,0.002
0.014,0.006,0.035,-0.054,-0.044,0.025,-0.014,-0.043,-0.016,-0.001,0.009,0.027,-0.018,-0.013,0.09,0.265,0.81,1.421,2.391,3.299,4.113,4.636,4.605,4.209,3.241,2.296,1.507,0.773,0.327,0.063,0.051,0.048,-0.043,-0.051,-0.022,0.019,0.019,-0.018,0.05,-0.056,0.0,-0.048,-0.019,-0.004,0.026,-0.017,0.078,0.015,-0.052,0.103,-0.065,0.004,0.033,0.033,-0.032,0.086,-0.101,-0.017,0.004,-0.018,-0.068,0.023,0.085,0.275,0.741,1.406,2.351,3.203,3.981,4.211,3.972,3.305,2.398,1.415,0.762,0.23,0.12,0.011,-0.032,0.044,0.013,0.003,0.038,0.056,0.118,0.1,0.053,0.052,0.015,-0.051,0.052,0.05,0.05,0.034,-0.037,0.087,0.341,0.798,1.426,2.28,3.377,4.36,4.934,5.344,5.626,5.674,5.634,5.479,4.99,4.275,3.438,2.417,1.49,0.877,0.265,0.133,0.034,0.1,0.066,-0.052,-0.015,-0.043,0.004,0.037,0.004,0.002,0.041,-0.009,-0.017,0.05,-0.016,-0.025,0.023,0.087,0.422,0.863,1.468,2.292,3.406,4.379,4.946,5.289,5.268,5.016,4.297,3.284,2.434,1.451,0.784,0.292,0.08,0.135,-0.004,-0.033,0.004,0.088,-0.05,-0.036,-0.014,-0.032,-0.01,-0.105,-0.04,0.018,-0.126,-0.011,0.013,0.001,-0.033,0.098,0.005,-0.006,-0.111,0.081,0.022,-0.035,-0.177,0.073,0.073,0.035,0.056,0.265,0.73,1.436,2.363,3.392,4.287,4.901,5.093,4.873,4.3,3.416,2.455,1.463,0.768,0.357,0.154,-0.052,-0.087,-0.069,-0.003,0.055,0.076,0.071,0.059,-0.008,-0.021,-0.018,-0.009,-0.076,0.026,0.138,0.287,0.755,1.48,2.349,3.246,3.924,4.162,3.991,3.277,2.268,1.432,0.756,0.32,-0.012,-0.029,0.055,-0.08,0.079,-0.007,-0.013,0.081,0.04,0.067,0.01,-0.121,0.082,-0.002,-0.059,0.103,0.318,0.826,1.445,2.317,3.174,3.975,4.129,3.977,3.244,2.399,1.476,0.744,0.279,0.152,0.057,0.054,0.016,0.044,0.0,-0.043,-0.104,-0.046,0.021,-0.051,0.024,0.025,-0.054,-0.038,-0.045,-0.024,-0.018
0.076,0.034,0.007,-0.068,0.105,0.097,0.093,0.021,-0.016,0.15,0.36,0.737,1.406,2.423,3.422,4.278,5.062,5.27,5.539,5.306,4.905,4.299,3.402,2.357,1.43,0.783,0.358,0.031,-0.009,0.045,0.014,0.056,-0.098,-0.043,-0.016,0.008,-0.043,0.14,0.046,-0.018,0.035,0.006,0.038,0.062,-0.002,0.037,0.012,-0.01,0.026,-0.076,-0.0,0.048,-0.059,0.038,0.165,0.343,0.725,1.45,2.203,3.115,3.54,3.535,2.994,2.23,1.438,0.82,0.243,0.042,0.008,-0.011,-0.005,0.017,0.0,-0.022,-0.009,-0.087,-0.098,-0.003,-0.026,-0.051,0.003,0.01,-0.075,0.039,0.174,0.207,0.693,1.463,2.399,3.299,4.278,5.153,5.419,5.56,5.412,4.981,4.273,3.348,2.326,1.555,0.789,0.286,0.038,0.01,-0.081,0.003,-0.004,0.003,0.062,-0.049,0.002,0.057,0.163,0.309,0.777,1.432,2.391,3.218,3.913,4.214,3.93,3.28,2.264,1.471,0.757,0.354,0.211,-0.01,-0.004,-0.051,-0.015,0.015,0.068,-0.018,0.03,0.186,0.362,0.762,1.448,2.17,3.065,3.52,3.484,3.033,2.209,1.428,0.715,0.312,0.235,0.003,0.066,-0.032,-0.046,0.006,0.143,0.33,0.64,1.479,2.323,3.092,3.493,3.528,3.085,2.192,1.475,0.762,0.402,0.024,-0.026,0.09,-0.128,0.041,-0.002,-0.053,0.01,-0.049,0.023,-0.02,0.028,0.021,0.006,0.101,0.007,0.055,0.1,0.013,-0.051,-0.051,0.036,-0.013,-0.048,0.024,0.042,0.066,-0.098,0.05,0.019,0.033,-0.008,0.094,-0.016,0.134,0.412,0.768,1.482,2.389,3.438,4.293,4.946,5.439,5.555,5.4,4.981,4.261,3.462,2.236,1.495,0.705,0.291,0.198,0.125,0.022,-0.001,-0.03,0.097,-0.02,-0.142,-0.03,-0.03,-0.035,-0.011,0.113,0.34,0.686,1.512,2.349,3.382,4.247,4.784,4.983,4.847,4.286,3.328,2.375,1.42,0.728,0.326,0.115,0.061,-0.069,-0.01,-0.039,0.086,0.009,0.045,-0.039,0.017,0.024,-0.08,-0.065,0.041,-0.005,-0.041,-0.043,-0.042,0.023,0.077,-0.032,0.069,-0.012,-0.066,0.158
5.319,5.379,4.946,4.315,3.371,2.345,1.426,0.772,0.434,0.135,0.017,-0.084,0.035,-0.081,-0.015,0.008,-0.004,-0.058,-0.004,-0.049,0.043,0.021,0.058,0.008,-0.032,0.007,0.009,0.041,0.026,0.007,-0.019,-0.013,0.001,0.021,-0.091,0.07,0.142,0.25,0.707,1.461,2.229,3.001,3.551,3.558,3.08,2.315,1.49,0.757,0.314,0.113,0.056,0.037,0.021,0.063,-0.01,0.029,0.092,-0.013,-0.049,-0.026,0.066,0.125,0.056,0.029,-0.107,-0.026,-0.043,0.021,-0.009,-0.043,-0.051,0.026,0.008,0.035,0.022,0.036,0.216,0.348,0.743,1.464,2.37,3.313,3.993,4.139,3.84,3.193,2.365,1.418,0.86,0.351,0.093,0.045,-0.027,-0.024,0.068,0.01,0.03,-0.056,0.029,0.105,-0.048,0.106,0.001,-0.06,0.036,0.051,-0.02,0.043,0.059,0.34,0.72,1.466,2.423,3.364,4.175,4.856,5.163,4.883,4.198,3.253,2.402,1.444,0.751,0.331,0.182,-0.04,-0.056,-0.022,0.028,-0.048,-0.052,0.046,-0.038,0.041,0.035,-0.02,0.034,0.002,-0.012,0.146,0.279,0.736,1.468,2.279,3.349,4.273,4.983,5.244,5.516,5.406,4.942,4.248,3.311,2.3,1.431,0.759,0.421,0.136,0.068,-0.015,-0.05,0.022,-0.056,-0.007,0.077,-0.027,0.086,0.033,0.057,-0.017,0.039,0.039,-0.007,0.021,-0.021,0.007,0.034,-0.003,0.066,-0.05,-0.009,-0.007,-0.014,0.157,0.381,0.79,1.419,2.423,3.365,4.31,4.996,5.404,5.491,5.431,5.013,4.328,3.354,2.317,1.444,0.726,0.336,0.03,0.053,0.093,0.0,-0.087,-0.041,0.035,0.113,0.03,-0.072,0.03,0.045,0.022,-0.076,0.062,0.064,0.0,0.004,-0.015,0.123,0.428,0.703,1.448,2.368,3.459,4.255,4.883,5.339,5.338,4.909,4.292,3.393,2.372,1.46,0.814,0.341,0.086,0.004,0.081,0.019,0.047,0.108,0.077,0.361,0.703,1.454,2.39,3.344,4.192,5.002,5.363,5.352,4.951,4.305,3.387,2.35,1.459,0.766,0.325,0.1,-0.001,0.05,-0.003,0.003,-0.007,-0.03,0.017,-0.025,-0.041,0.024,0.034
3.023,3.56,3.537,2.983,2.186,1.457,0.66,0.402,0.075,-0.015,-0.023,-0.028,0.139,0.029,0.003,0.021,-0.021,0.056,-0.028,0.019,0.017,-0.087,-0.1,0.04,0.06,0.001,0.008,-0.001,-0.075,-0.037,-0.032,0.015,-0.081,0.005,-0.013,0.051,0.121,-0.088,-0.043,-0.028,-0.007,0.011,-0.133,-0.028,0.043,-0.075,0.083,0.008,0.028,-0.017,0.057,0.105,-0.037,-0.003,0.001,0.014,-0.011,0.046,-0.032,0.049,0.055,0.036,0.374,0.711,1.438,2.381,3.341,4.273,4.946,5.254,5.342,5.03,4.319,3.292,2.356,1.493,0.783,0.412,0.101,0.051,0.067,0.02,-0.052,-0.083,-0.026,0.03,0.021,0.023,-0.021,0.02,0.044,-0.082,0.029,0.007,0.051,0.125,0.428,0.798,1.441,2.306,3.462,4.31,4.893,5.158,4.845,4.307,3.279,2.45,1.425,0.614,0.239,0.117,0.062,0.04,0.027,0.058,0.098,-0.041,0.023,-0.001,-0.117,0.036,-0.051,0.015,-0.028,-0.025,-0.009,-0.027,0.113,0.29,0.817,1.422,2.32,3.206,4.021,4.113,3.901,3.186,2.383,1.462,0.76,0.453,0.138,-0.091,-0.022,0.051,0.076,-0.024,-0.03,-0.056,0.02,-0.027,0.006,-0.023,-0.115,-0.038,0.03,-0.024,-0.005,0.015,-0.071,-0.11,0.093,-0.075,-0.041,-0.006,-0.009,-0.054,0.003,0.168,0.211,0.789,1.304,2.009,2.473,2.704,2.624,2.029,1.319,0.741,0.247,0.152,0.032,-0.033,-0.071,-0.029,0.051,0.017,0.037,0.104,0.093,-0.041,-0.04,0.064,0.111,0.07,0.037,0.075,-0.043,0.033,0.051,0.09,-0.027,0.006,0.002,0.002,0.045,0.137,0.306,0.716,1.411,2.319,3.404,4.234,4.631,4.701,4.214,3.356,2.403,1.43,0.729,0.231,0.066,0.026,-0.036,-0.021,-0.036,-0.008,0.051,-0.056,-0.052,0.029,0.079,-0.066,-0.024,0.076,-0.035,0.088,0.291,0.775,1.444,2.279,3.03,3.535,3.479,3.046,2.243,1.448,0.828,0.27,0.05,0.085,-0.015,-0.048,-0.087,0.017,0.05,-0.078,-0.027,-0.039,0.065,0.12,0.038,0.469,0.75,1.404,2.315,3.266,4.207,4.592,4.595,4.206
0.019,-0.112,-0.044,-0.004,-0.094,0.013,-0.044,0.005,0.011,-0.011,-0.004,0.125,0.279,0.681,1.284,2.095,2.576,2.809,2.553,2.01,1.407,0.644,0.307,0.111,0.052,-0.007,0.037,0.067,0.04,-0.011,-0.015,-0.015,0.043,0.021,0.012,0.113,-0.017,0.056,-0.054,0.095,-0.123,0.012,0.06,-0.094,0.005,0.035,0.045,-0.044,0.008,-0.045,0.003,0.041,0.38,0.789,1.53,2.356,3.443,4.108,4.626,4.63,4.295,3.294,2.476,1.456,0.707,0.293,0.157,0.042,-0.036,0.003,0.025,-0.002,-0.036,-0.05,-0.038,-0.032,-0.122,0.015,0.005,0.017,-0.086,-0.066,-0.09,-0.015,0.126,-0.05,-0.097,0.013,0.114,0.383,0.699,1.215,1.616,1.872,1.919,1.601,1.102,0.725,0.243,0.091,-0.016,0.008,-0.006,0.005,-0.036,0.056,-0.018,0.05,-0.113,-0.054,-0.023,-0.013,-0.003,0.065,0.054,-0.015,0.022,0.031,-0.045,-0.087,0.021,-0.057,0.049,0.1,0.01,0.033,0.276,0.718,1.424,2.275,3.317,3.972,4.247,3.945,3.228,2.327,1.399,0.824,0.403,0.058,0.078,-0.05,-0.03,0.044,-0.042,-0.079,0.073,-0.018,-0.035,0.023,-0.039,-0.056,0.02,0.033,0.023,-0.006,0.124,-0.105,0.074,-0.078,0.012,0.163,0.308,0.709,1.436,2.096,2.594,2.845,2.71,1.999,1.264,0.745,0.48,0.118,0.032,-0.057,-0.096,0.073,-0.024,-0.009,0.047,0.082,-0.014,0.045,-0.029,0.023,0.071,-0.008,-0.015,0.006,-0.014,0.044,0.064,-0.039,0.139,0.27,0.724,1.177,1.607,1.981,1.935,1.536,1.127,0.641,0.282,0.109,0.014,-0.046,-0.033,0.061,0.035,-0.033,0.044,0.113,0.003,0.007,-0.001,0.04,0.107,0.325,0.645,1.297,1.997,2.572,2.826,2.591,2.112,1.403,0.73,0.404,0.396,0.792,1.502,2.276,3.264,4.244,4.643,4.614,4.206,3.363,2.362,1.48,0.702,0.292,0.206,0.053,0.023,0.027,-0.077,0.017,0.008,-0.024,0.104,-0.036,-0.047,0.023,-0.043,-0.047,0.155,0.286,0.771,1.365,2.079,2.587,2.873,2.586,2.072,1.385,0.682,0.387,0.101,0.058
-0.03,-0.004,0.012,-0.022,0.013,-0.03,-0.062,0.021,0.028,-0.02,0.005,-0.018,0.02,0.022,-0.074,0.021,0.048,-0.072,0.0,0.012,0.04,-0.085,0.011,-0.034,0.031,-0.01,0.006,0.091,0.337,0.831,1.415,2.442,3.364,4.221,4.867,5.048,4.831,4.376,3.36,2.419,1.52,0.733,0.352,0.121,0.097,-0.043,-0.023,0.04,0.001,0.018,0.006,-0.078,-0.058,0.008,0.051,-0.073,0.092,0.065,-0.002,-0.068,-0.048,-0.075,-0.011,0.018,0.033,0.092,0.328,0.694,1.38,2.276,3.086,3.509,3.501,3.075,2.322,1.397,0.732,0.365,0.06,0.018,0.047,-0.011,0.041,0.047,0.083,-0.097,-0.093,0.063,-0.033,-0.002,0.039,0.078,0.039,-0.054,-0.019,0.078,-0.089,0.004,0.008,0.13,-0.017,-0.02,0.011,0.082,0.129,0.151,0.104,0.754,1.124,1.59,1.95,1.926,1.613,1.134,0.624,0.369,0.038,-0.019,0.057,0.057,-0.004,0.028,0.006,0.031,0.004,0.016,-0.059,-0.033,-0.165,0.092,0.092,0.319,0.783,1.395,2.355,3.289,3.919,4.231,3.922,3.213,2.285,1.388,0.868,0.418,0.086,-0.003,-0.043,-0.054,0.005,-0.056,-0.007,0.025,0.042,-0.056,-0.076,0.005,0.017,0.005,0.037,0.015,-0.069,-0.045,0.046,0.033,-0.104,0.031,-0.011,-0.003,-0.004,0.003,-0.009,0.026,0.125,0.342,0.757,1.472,2.373,3.355,4.204,4.906,5.01,4.906,4.284,3.261,2.332,1.467,0.728,0.318,-0.013,0.132,0.028,-0.034,-0.017,0.056,-0.077,0.001,0.058,0.005,0.01,-0.045,0.071,0.045,0.061,0.021,-0.026,0.039,0.038,-0.022,0.054,0.029,0.022,0.044,0.09,-0.003,-0.027,0.037,0.318,0.752,1.457,2.401,3.423,4.293,4.997,5.38,5.545,5.451,4.996,4.263,3.413,2.372,1.475,0.777,0.305,0.144,-0.018,-0.059,0.066,-0.085,0.06,-0.002,-0.05,-0.058,-0.036,0.047,0.04,0.014,-0.061,-0.063,-0.027,-0.038,0.051,0.132,-0.028,0.009,-0.001,-0.052,0.046,-0.07,-0.081,0.005,0.029,0.092,0.327,0.733,1.429,2.338,3.295,4.141,4.604,4.673,4.176,3.353
-0.031,0.053,-0.084,-0.054,-0.058,0.04,0.037,-0.107,0.001,-0.025,-0.041,-0.03,-0.028,-0.107,-0.087,-0.065,-0.024,-0.05,0.012,0.002,-0.108,-0.002,0.036,0.033,0.033,-0.004,-0.067,0.018,0.092,-0.143,-0.023,0.017,-0.06,-0.044,0.022,-0.029,-0.024,0.023,-0.002,0.038,0.052,-0.001,0.079,0.328,0.701,1.366,2.286,3.089,3.559,3.552,3.048,2.259,1.397,0.723,0.255,0.131,0.109,-0.061,-0.029,-0.04,-0.014,0.026,-0.048,-0.002,0.101,-0.136,0.001,0.017,0.006,0.002,-0.107,-0.037,-0.016,0.051,-0.023,-0.1,0.116,0.316,0.724,1.467,2.284,3.232,3.989,4.186,3.899,3.271,2.301,1.391,0.752,0.358,0.126,0.076,0.096,0.058,0.081,-0.08,-0.013,-0.012,0.012,-0.028,0.121,-0.01,-0.042,-0.026,-0.004,-0.009,0.083,0.11,0.372,0.795,1.468,2.357,2.964,3.549,3.533,2.974,2.199,1.507,0.801,0.264,0.186,0.073,0.057,0.0,-0.058,0.05,0.016,-0.008,-0.065,-0.076,-0.021,0.079,0.017,-0.014,0.053,-0.069,0.042,0.023,0.015,-0.041,0.029,0.019,-0.045,0.059,-0.011,0.133,0.344,0.79,1.491,2.376,3.423,4.387,4.955,5.336,5.256,4.985,4.328,3.313,2.35,1.425,0.756,0.355,0.169,0.038,-0.033,0.067,-0.022,0.004,-0.031,-0.003,-0.026,0.002,-0.106,0.052,-0.038,0.098,0.047,0.019,-0.041,-0.072,-0.046,-0.016,-0.058,-0.019,0.016,0.029,-0.01,0.029,-0.031,0.038,0.039,-0.107,0.114,0.418,0.813,1.52,2.345,3.311,4.311,4.949,5.438,5.628,5.431,5.003,4.268,3.413,2.408,1.448,0.683,0.378,0.062,0.047,-0.035,-0.08,0.053,0.053,0.026,-0.035,-0.056,0.099,-0.001,0.056,-0.049,0.026,-0.003,0.072,0.008,-0.02,0.064,-0.023,0.04,-0.054,0.077,0.227,0.782,1.404,2.345,3.4,4.248,4.965,5.22,5.278,4.941,4.281,3.372,2.442,1.534,0.81,0.302,0.115,0.042,-0.038,0.004,0.045,0.069,0.122,-0.107,-0.003,0.037,-0.015,0.049,0.002,-0.001,0.008,0.023,-0.027,-0.054,-0.094,0.068,-0.018,-0.002,-0.014
0.063,0.09,-0.017,0.06,-0.026,0.034,-0.022,-0.001,-0.055,0.037,0.126,0.002,-0.019,-0.03,-0.049,0.06,0.072,0.042,-0.122,0.112,-0.013,0.102,0.272,0.825,1.532,2.41,3.366,4.277,4.933,5.063,4.926,4.215,3.348,2.435,1.475,0.81,0.271,0.064,-0.066,-0.016,0.04,0.056,-0.069,0.047,0.065,-0.094,0.038,0.04,0.13,-0.041,-0.09,0.005,-0.069,-0.019,-0.04,-0.004,0.024,0.014,0.03,-0.028,0.061,0.047,-0.094,0.036,-0.017,-0.103,0.066,0.06,0.007,0.053,0.046,0.407,0.73,1.461,2.313,3.436,4.26,4.85,5.144,4.854,4.298,3.289,2.323,1.436,0.746,0.354,0.144,-0.003,0.069,0.019,0.009,0.12,-0.003,0.026,0.034,0.024,0.032,0.064,-0.002,0.041,-0.027,0.077,-0.084,-0.12,-0.06,-0.007,0.106,-0.005,0.092,0.237,0.729,1.275,2.069,2.595,2.796,2.673,2.082,1.326,0.766,0.286,0.033,0.06,0.028,-0.001,-0.001,-0.029,0.054,0.055,-0.038,0.018,0.012,0.007,0.162,0.337,0.711,1.505,2.295,3.171,3.575,3.51,3.054,2.185,1.433,0.694,0.311,0.057,-0.035,0.019,-0.028,0.098,-0.035,-0.034,-0.019,-0.001,0.044,0.043,0.017,-0.003,0.004,0.047,-0.087,0.083,-0.017,0.037,-0.025,-0.013,0.083,-0.055,0.011,-0.117,-0.023,-0.024,-0.053,-0.004,0.119,0.098,-0.108,-0.02,-0.0,-0.056,-0.015,0.068,-0.034,0.108,0.07,0.139,0.382,0.74,1.45,2.337,3.336,4.072,4.272,4.008,3.302,2.383,1.471,0.747,0.319,0.299,0.039,0.043,-0.023,-0.047,-0.037,0.007,-0.074,-0.037,-0.029,0.066,0.001,0.093,-0.079,-0.006,-0.009,-0.041,-0.039,-0.038,0.002,0.005,-0.07,-0.044,-0.031,0.023,-0.0,-0.021,0.067,0.275,0.722,1.398,2.431,3.312,3.958,4.198,3.998,3.286,2.312,1.443,0.722,0.306,0.077,0.077,0.06,-0.01,0.078,-0.054,-0.034,0.047,-0.007,0.036,0.07,0.07,-0.08,0.01,0.011,-0.036,0.069,-0.053,0.03,-0.062,0.067,-0.068,0.034,0.013,0.019,0.077,0.032,-0.04,-0.007,-0.04,-0.026,0.101
-0.048,-0.016,-0.139,0.033,0.041,-0.031,-0.012,0.007,-0.015,0.035,0.017,0.005,-0.092,-0.024,0.07,-0.023,0.069,-0.019,-0.013,0.089,0.372,0.728,1.411,2.44,3.415,4.286,4.928,5.034,4.883,4.267,3.296,2.359,1.39,0.742,0.26,0.108,0.034,0.009,0.064,-0.016,-0.051,-0.021,0.078,-0.024,-0.02,0.07,-0.072,-0.031,-0.023,0.055,-0.029,0.029,-0.011,0.008,-0.012,0.07,0.023,0.049,-0.063,-0.062,0.039,0.02,-0.021,0.025,-0.083,0.047,0.373,0.698,1.462,2.371,3.37,4.194,4.968,5.391,5.549,5.399,5.007,4.324,3.359,2.306,1.502,0.727,0.247,0.09,-0.05,-0.061,0.004,-0.058,-0.009,0.033,0.066,0.084,-0.015,0.045,-0.068,0.027,-0.11,0.012,0.028,0.094,0.138,0.297,0.906,1.48,2.435,3.406,4.077,4.636,4.748,4.138,3.324,2.311,1.526,0.737,0.316,0.015,-0.053,0.045,0.013,0.023,0.029,0.065,-0.029,0.083,-0.057,-0.028,0.071,-0.01,0.048,-0.035,-0.036,0.241,0.3,0.699,1.428,2.329,3.435,4.273,4.881,5.114,4.892,4.256,3.399,2.339,1.429,0.828,0.272,0.076,-0.032,-0.025,0.008,0.007,0.011,-0.01,-0.007,0.023,-0.021,-0.042,-0.038,0.094,-0.107,-0.035,0.016,-0.025,0.006,-0.068,-0.006,-0.044,0.036,0.003,0.004,-0.044,-0.05,-0.047,0.077,0.054,0.405,0.718,1.371,2.09,2.539,2.861,2.643,2.057,1.34,0.727,0.449,0.156,0.007,0.004,0.006,-0.046,0.038,-0.082,-0.063,-0.016,-0.087,-0.09,-0.048,0.063,-0.029,-0.082,-0.084,0.03,-0.017,-0.087,-0.02,0.035,0.026,-0.055,0.057,-0.008,-0.006,-0.071,-0.022,-0.01,0.063,0.195,0.34,0.77,1.492,2.327,3.319,4.184,4.641,4.658,4.197,3.291,2.31,1.439,0.695,0.336,0.022,-0.073,-0.066,0.046,0.086,0.06,-0.004,0.016,0.106,-0.031,0.017,-0.053,0.054,-0.07,-0.032,-0.009,-0.006,-0.065,-0.062,0.013,0.012,0.026,0.015,0.036,-0.039,0.001,-0.088,-0.05,0.024,-0.053,0.083,-0.051,-0.026,-0.033,-0.059,0.021,-0.113,-0.038,0.01,0.011
0.013,0.02,-0.023,-0.014,-0.036,-0.027,-0.041,-0.071,0.035,-0.042,0.057,0.054,-0.017,0.068,0.004,-0.079,-0.057,-0.051,-0.039,-0.029,0.005,-0.016,0.061,0.067,0.005,0.061,0.007,0.254,0.314,0.694,1.293,2.085,2.586,2.797,2.609,1.993,1.337,0.727,0.365,0.113,0.0,-0.145,-0.012,-0.013,0.001,0.012,0.04,0.043,-0.009,0.101,-0.044,0.011,0.015,0.05,0.103,-0.029,-0.034,0.085,-0.012,0.001,-0.02,0.022,0.099,0.024,0.025,-0.059,-0.002,-0.028,0.065,0.385,0.659,1.511,2.329,3.311,4.186,4.9,5.058,4.951,4.223,3.371,2.278,1.524,0.73,0.292,0.122,0.03,-0.003,-0.003,-0.015,-0.002,0.005,0.011,-0.072,0.069,0.056,0.016,0.037,0.025,-0.017,-0.137,-0.021,0.055,-0.024,0.017,-0.038,0.192,0.316,0.794,1.455,2.391,3.308,4.241,4.947,5.081,4.887,4.253,3.283,2.37,1.447,0.727,0.452,0.153,0.038,0.002,0.098,0.038,-0.017,-0.082,-0.017,0.022,-0.026,-0.008,-0.02,-0.024,0.127,0.321,0.694,1.483,2.3,3.065,3.45,3.476,3.053,2.352,1.353,0.801,0.278,0.161,-0.027,0.11,0.06,0.053,0.055,0.019,-0.056,-0.028,-0.005,-0.015,0.025,0.003,-0.067,-0.007,-0.072,0.03,-0.038,0.031,0.054,0.036,-0.066,-0.065,-0.027,0.068,0.023,0.085,-0.031,-0.009,-0.102,0.035,-0.049,0.04,0.086,-0.037,0.071,-0.028,-0.094,0.086,-0.065,-0.076,0.032,0.023,0.034,0.099,0.282,0.724,1.497,2.439,3.266,4.039,4.185,3.993,3.28,2.321,1.45,0.757,0.288,0.162,0.05,0.012,0.029,-0.007,-0.074,-0.003,0.018,0.013,-0.048,0.005,-0.006,-0.004,0.05,-0.006,-0.064,-0.006,-0.014,0.013,-0.054,-0.057,0.101,-0.088,0.03,0.162,0.339,0.719,1.588,2.42,3.408,4.226,4.729,4.691,4.175,3.346,2.365,1.421,0.751,0.37,0.063,-0.001,-0.009,0.02,-0.032,0.008,-0.014,0.088,-0.068,-0.043,0.081,0.039,0.02,0.025,-0.007,-0.076,-0.016,-0.003,0.033,0.017,0.012,-0.014,-0.076,-0.06,-0.037,-0.014,-0.024,-0.06
0.062,-0.07,0.01,-0.131,0.124,0.011,-0.072,-0.043,0.014,0.028,0.049,0.01,-0.137,0.117,-0.043,-0.09,0.027,-0.036,0.058,0.028,0.018,0.105,0.016,0.027,-0.063,0.026,0.019,-0.093,0.02,-0.003,0.111,0.005,-0.058,-0.024,-0.016,-0.022,0.082,0.069,-0.034,0.07,0.136,0.305,0.704,1.533,2.289,3.005,3.427,3.498,3.082,2.282,1.336,0.787,0.313,0.192,0.079,-0.026,0.035,-0.011,-0.085,0.038,0.007,0.007,-0.066,-0.037,-0.029,-0.023,-0.08,0.004,0.119,0.032,0.018,0.016,-0.035,0.097,0.041,0.099,-0.003,-0.04,0.152,0.003,0.048,0.043,0.016,-0.009,0.026,0.103,0.336,0.814,1.443,2.41,3.339,4.163,4.703,4.665,4.2,3.253,2.329,1.479,0.642,0.354,0.191,-0.048,0.042,-0.004,0.011,-0.038,-0.017,0.071,-0.008,0.05,0.026,0.113,0.057,-0.032,0.032,0.056,-0.011,-0.01,0.026,-0.014,0.016,-0.0,-0.113,0.168,0.28,0.768,1.456,2.331,3.304,3.983,4.212,4.002,3.362,2.333,1.494,0.756,0.28,0.007,0.015,0.003,0.006,-0.024,-0.002,0.083,-0.06,0.036,-0.024,0.017,-0.008,-0.069,-0.01,-0.096,0.089,-0.009,-0.013,-0.015,0.027,-0.042,0.012,-0.078,-0.049,-0.076,0.048,0.062,0.0,0.064,-0.033,-0.021,0.006,-0.02,0.005,-0.001,0.037,0.135,0.34,0.718,1.444,2.09,2.682,2.912,2.627,2.139,1.402,0.769,0.258,0.105,0.018,-0.063,-0.017,-0.02,-0.075,-0.065,-0.028,-0.011,0.064,0.059,-0.036,-0.033,-0.047,0.012,-0.036,0.052,-0.08,0.054,-0.007,0.05,0.374,0.775,1.366,2.078,2.662,2.752,2.57,1.994,1.324,0.706,0.338,0.117,0.035,-0.005,0.028,0.055,0.008,0.069,-0.02,0.069,0.083,0.018,0.045,-0.037,-0.002,-0.04,-0.081,-0.089,-0.038,0.013,0.022,0.034,-0.015,-0.007,0.081,0.07,0.006,0.02,0.091,-0.055,-0.006,-0.003,0.05,0.086,0.004,0.0,0.043,-0.012,-0.13,0.023,0.055,-0.013,0.046,0.03,0.009,0.007,0.034,0.037,-0.023,-0.045,-0.058,0.0,0.071,0.021,0.069,0.055
-0.027,0.026,0.029,-0.002,-0.075,0.009,-0.023,0.047,0.024,-0.011,0.059,-0.073,-0.049,-0.062,0.022,-0.031,-0.062,-0.002,-0.012,0.021,-0.055,0.019,0.045,-0.023,-0.147,0.002,-0.035,-0.003,0.069,-0.079,0.123,0.007,0.026,0.129,0.32,0.78,1.442,2.345,3.346,4.217,4.695,4.644,4.164,3.339,2.391,1.412,0.754,0.301,0.131,0.008,0.016,0.003,0.088,-0.029,0.005,-0.013,0.05,-0.084,-0.021,0.062,0.034,0.033,-0.051,0.044,-0.029,-0.048,-0.016,-0.051,-0.004,-0.004,-0.056,-0.016,0.017,-0.08,-0.024,-0.049,0.016,-0.007,0.128,0.387,0.824,1.424,2.321,3.344,4.284,4.982,5.292,5.266,4.91,4.297,3.37,2.497,1.523,0.822,0.358,0.091,0.055,0.011,-0.004,0.015,0.015,0.053,0.005,-0.051,0.022,0.049,0.023,-0.006,0.013,0.026,-0.036,0.034,0.027,0.028,0.052,0.107,0.382,0.808,1.403,2.169,3.047,3.514,3.447,3.006,2.232,1.361,0.735,0.345,0.132,-0.019,-0.061,-0.009,0.005,-0.009,0.049,0.042,-0.032,0.022,0.058,0.005,-0.036,-0.089,0.006,0.01,-0.038,0.054,-0.045,-0.084,-0.021,-0.022,-0.027,0.006,-0.045,-0.005,0.039,0.015,0.11,0.295,0.783,1.461,2.27,3.027,3.552,3.562,3.076,2.23,1.375,0.798,0.299,0.021,0.044,0.023,0.103,-0.038,0.004,0.084,0.047,0.118,-0.027,0.057,0.02,0.108,-0.046,-0.02,0.006,-0.023,0.023,0.163,0.203,0.264,0.782,1.444,2.371,3.256,4.275,4.901,5.026,4.824,4.38,3.333,2.367,1.38,0.867,0.309,0.119,0.022,0.08,-0.043,0.016,-0.001,0.048,0.01,0.054,-0.004,-0.012,0.077,0.043,0.025,0.083,0.04,0.096,0.35,0.767,1.573,2.377,3.322,4.246,4.877,5.306,5.393,5.006,4.361,3.381,2.316,1.45,0.748,0.275,0.101,-0.01,-0.039,0.029,-0.139,-0.001,-0.059,0.031,0.01,-0.003,-0.026,-0.03,-0.051,0.06,0.017,-0.048,-0.011,-0.038,-0.001,0.012,0.036,-0.001,-0.075,0.03,-0.025,-0.002,-0.092,0.102,0.03,-0.041,0.078,-0.007,0.053,0.017,-0.007
0.009,-0.022,0.061,0.072,-0.097,-0.013,0.005,0.112,0.05,-0.036,-0.013,-0.14,-0.03,0.048,0.042,-0.014,0.012,-0.041,-0.053,-0.053,-0.009,0.067,0.021,0.052,0.021,-0.075,-0.053,0.025,-0.034,0.012,-0.05,-0.013,-0.044,0.068,0.344,0.692,1.31,1.973,2.636,2.844,2.589,1.998,1.305,0.762,0.387,0.029,0.022,-0.045,-0.065,0.07,-0.007,0.038,-0.044,0.055,0.081,0.031,0.012,-0.042,0.022,-0.056,0.014,-0.048,0.119,0.034,0.007,0.003,-0.06,0.048,-0.057,-0.014,-0.014,0.006,0.015,0.012,0.041,0.075,0.301,0.751,1.471,2.417,3.345,3.974,4.321,3.953,3.183,2.392,1.482,0.784,0.434,0.112,0.073,-0.027,0.031,-0.028,-0.064,0.074,0.091,0.033,0.188,0.291,0.727,1.344,1.954,2.606,2.792,2.604,2.034,1.359,0.746,0.305,0.126,0.096,0.008,-0.018,-0.063,-0.005,0.002,-0.046,0.123,0.084,0.01,-0.024,-0.033,0.123,-0.03,-0.072,0.075,-0.037,0.047,0.047,-0.023,0.058,0.117,0.33,0.749,1.457,2.192,3.062,3.487,3.546,3.014,2.285,1.397,0.787,0.192,0.106,0.089,-0.05,-0.068,-0.097,0.016,-0.091,0.003,-0.079,-0.014,-0.077,-0.063,0.004,-0.009,0.074,-0.09,0.011,-0.076,-0.042,-0.081,-0.03,-0.011,-0.11,-0.005,0.103,0.015,0.031,0.067,0.159,0.127,0.292,0.753,1.516,2.36,3.435,4.266,5.055,5.349,5.637,5.594,5.439,5.012,4.291,3.375,2.372,1.516,0.735,0.309,0.12,0.01,-0.051,0.001,0.024,-0.002,-0.049,0.016,0.045,-0.006,0.011,0.014,-0.003,-0.03,0.077,-0.016,-0.021,-0.035,0.004,-0.044,-0.07,-0.016,0.007,0.146,0.269,0.765,1.487,2.376,3.405,4.087,4.596,4.67,4.174,3.379,2.457,1.46,0.802,0.253,0.142,-0.094,0.017,-0.03,-0.045,-0.018,0.001,-0.023,0.035,0.069,-0.049,-0.1,-0.007,-0.093,-0.067,0.026,0.011,0.035,0.002,-0.067,-0.022,0.041,-0.025,-0.014,0.063,-0.025,-0.034,0.003,0.137,-0.094,-0.041,-0.038,0.021,0.028,-0.039,-0.021,-0.015,-0.063,0.029,0.057,0.07
-0.042,0.015,-0.003,0.056,-0.096,-0.018,0.031,0.015,0.01,-0.01,0.019,0.007,-0.025,-0.006,-0.01,-0.007,0.022,-0.038,-0.06,-0.065,-0.037,-0.01,0.076,-0.01,0.007,0.073,0.036,-0.023,0.015,0.012,0.084,-0.024,0.008,0.011,0.01,0.011,0.073,-0.004,-0.048,0.023,0.022,-0.013,0.01,0.106,0.012,0.043,0.041,0.033,0.06,0.317,0.782,1.516,2.339,3.396,4.318,4.782,5.066,4.923,4.312,3.391,2.397,1.534,0.696,0.376,0.094,-0.066,-0.05,0.031,0.004,-0.004,0.02,0.039,0.098,-0.061,0.028,-0.049,0.02,0.008,0.001,0.111,0.043,0.007,-0.1,0.19,-0.033,-0.025,-0.067,-0.086,0.019,0.057,0.092,0.268,0.858,1.455,2.235,3.292,4.133,4.616,4.638,4.269,3.324,2.371,1.428,0.75,0.288,0.131,0.053,0.018,0.015,-0.005,-0.141,-0.035,-0.007,0.019,-0.005,0.053,-0.042,0.051,-0.031,-0.001,0.059,0.013,0.049,-0.074,0.03,0.163,0.333,0.752,1.415,2.27,3.069,3.5,3.38,3.027,2.242,1.502,0.731,0.288,0.12,-0.016,-0.041,-0.022,-0.025,0.029,-0.003,-0.036,0.107,0.065,0.038,-0.015,0.048,0.061,-0.051,-0.006,0.091,0.031,0.078,-0.027,-0.08,0.104,0.037,0.027,-0.014,0.004,0.005,0.082,0.211,0.815,1.458,2.287,3.288,3.973,4.196,3.963,3.25,2.38,1.506,0.818,0.279,0.088,0.068,0.029,0.076,-0.037,-0.012,0.013,0.05,-0.03,0.02,0.058,-0.047,-0.053,-0.027,0.102,-0.025,0.045,0.031,-0.029,-0.084,0.013,-0.09,-0.039,0.039,0.045,0.034,-0.08,-0.031,-0.043,-0.008,0.051,0.15,0.343,0.806,1.444,2.271,3.037,3.494,3.505,3.017,2.262,1.483,0.784,0.377,0.152,0.024,-0.021,0.043,0.026,0.055,-0.042,0.007,-0.001,-0.028,-0.037,-0.047,0.009,0.003,-0.017,0.029,0.027,-0.043,-0.036,-0.006,-0.067,-0.075,0.011,0.08,0.053,0.231,0.722,1.543,2.307,2.937,3.558,3.562,2.982,2.191,1.39,0.74,0.415,0.101,0.171,0.02,0.085,0.087,0.009,-0.033,-0.012,-0.064,0.059,0.147,-0.052
-0.026,0.013,0.056,-0.119,0.009,0.138,-0.034,-0.047,0.01,-0.046,-0.065,-0.047,0.014,0.01,-0.082,0.032,0.024,0.062,0.093,-0.035,0.057,0.029,-0.006,0.03,-0.006,-0.063,-0.023,0.018,0.02,0.068,0.046,0.042,-0.084,-0.085,-0.013,0.078,0.01,0.002,0.082,-0.023,-0.026,-0.045,0.004,0.012,0.09,0.049,-0.036,-0.018,-0.004,-0.081,0.049,0.052,0.024,-0.047,0.033,0.081,0.029,0.025,-0.034,-0.129,-0.051,-0.005,0.091,-0.069,0.069,-0.069,0.085,0.081,0.081,0.091,0.338,0.828,1.569,2.302,3.345,4.279,4.974,5.468,5.621,5.634,5.643,5.662,5.429,4.914,4.227,3.322,2.394,1.485,0.869,0.408,0.149,0.045,0.015,-0.032,0.099,0.051,-0.069,-0.007,0.003,-0.007,0.022,-0.074,-0.009,-0.016,0.026,0.12,-0.014,0.085,0.265,0.77,1.397,2.369,3.344,4.269,4.968,5.43,5.628,5.641,5.433,4.914,4.302,3.309,2.449,1.39,0.8,0.282,0.085,-0.013,0.093,0.022,0.068,-0.01,-0.052,0.037,0.039,-0.027,0.078,0.056,-0.037,-0.052,-0.055,-0.054,-0.103,0.156,0.355,0.747,1.39,2.274,3.108,3.437,3.448,3.056,2.248,1.451,0.706,0.323,0.072,0.095,0.007,-0.063,-0.008,0.079,-0.028,-0.047,-0.035,-0.029,0.01,-0.115,0.068,0.022,-0.032,0.015,0.039,0.028,0.051,-0.001,-0.019,0.03,0.003,0.002,0.054,-0.036,-0.044,0.044,-0.109,-0.021,-0.01,-0.072,0.027,0.119,0.016,0.064,0.326,0.79,1.484,2.245,2.979,3.581,3.584,3.106,2.337,1.465,0.696,0.35,0.051,0.142,0.079,0.025,-0.042,-0.011,0.053,0.076,-0.016,0.031,-0.127,-0.05,-0.054,0.003,0.012,-0.069,-0.052,-0.009,-0.028,-0.125,-0.026,0.038,0.31,0.646,1.44,2.32,3.449,4.271,5.032,5.446,5.664,5.675,5.67,5.438,5.11,4.265,3.4,2.397,1.522,0.754,0.311,0.133,0.107,0.007,0.011,-0.121,-0.053,-0.008,-0.071,-0.01,0.063,0.066,-0.018,0.076,0.008,0.026,0.014,0.178,0.308,0.746,1.487,2.33,3.409,4.28,4.959,5.486,5.617,5.64
-0.017,-0.02,0.054,0.099,0.007,-0.175,0.041,0.129,0.028,0.115,0.015,-0.052,0.03,-0.039,-0.038,-0.049,-0.023,0.054,0.063,0.04,0.006,-0.012,0.061,-0.048,0.026,0.117,-0.088,0.039,-0.034,0.042,0.004,-0.063,-0.004,0.004,-0.045,0.071,-0.035,-0.004,0.008,0.054,-0.01,0.058,0.036,0.019,-0.023,0.021,0.015,-0.014,-0.025,-0.065,-0.05,0.017,-0.015,-0.009,-0.062,0.041,-0.007,-0.004,-0.031,0.02,0.031,-0.017,-0.068,0.025,0.04,0.023,0.074,0.079,0.061,-0.013,-0.0,-0.007,-0.024,-0.038,0.014,0.062,0.001,-0.039,-0.083,-0.004,0.018,-0.053,0.078,0.321,0.776,1.475,2.388,3.353,4.292,4.952,5.436,5.555,5.557,5.494,5.044,4.31,3.41,2.427,1.446,0.679,0.334,0.108,0.036,0.031,-0.016,-0.008,0.018,0.01,-0.048,-0.066,0.045,0.12,-0.065,0.097,-0.039,0.047,0.063,0.083,0.204,0.353,0.77,1.45,2.384,3.24,4.028,4.237,3.912,3.39,2.38,1.435,0.687,0.414,0.171,0.007,-0.081,-0.024,0.054,0.075,0.042,-0.083,0.072,-0.039,-0.051,-0.023,-0.004,0.019,-0.026,0.012,-0.016,-0.023,-0.014,0.112,0.348,0.751,1.425,2.399,3.249,3.988,4.108,3.964,3.313,2.309,1.406,0.733,0.261,0.086,-0.005,-0.001,0.006,-0.097,-0.004,0.081,-0.009,-0.02,0.017,0.077,-0.013,-0.079,-0.011,-0.002,-0.034,0.041,0.025,-0.031,0.069,0.003,0.014,0.015,0.066,0.09,0.027,0.015,0.0,-0.032,0.025,-0.022,-0.005,0.088,0.069,0.378,0.742,1.422,2.402,3.395,4.11,4.67,4.599,4.085,3.467,2.338,1.485,0.757,0.276,0.0,0.028,-0.025,0.027,0.02,-0.027,0.028,0.022,-0.003,0.016,-0.032,0.039,0.045,-0.019,0.029,0.032,-0.099,-0.059,-0.073,-0.042,0.069,0.354,0.787,1.399,2.4,3.385,4.215,4.678,4.602,4.132,3.291,2.37,1.49,0.691,0.303,0.062,0.058,0.051,0.118,-0.031,0.018,0.001,0.239,0.293,0.726,1.504,2.453,3.337,4.212,4.88,5.139,4.889,4.149,3.363,2.378,1.459,0.798,0.302,0.125
-0.021,0.019,0.071,-0.026,0.072,-0.024,-0.055,-0.051,-0.041,-0.032,-0.095,-0.013,0.065,0.064,-0.035,-0.04,0.008,0.01,-0.034,-0.026,0.009,0.002,-0.031,-0.093,-0.037,0.001,-0.067,0.083,0.012,-0.079,-0.003,0.06,-0.022,0.024,0.027,0.043,-0.011,0.046,0.027,0.086,0.028,-0.112,0.047,-0.016,-0.033,0.015,-0.089,0.049,-0.003,0.084,0.016,0.046,-0.051,-0.008,0.106,-0.013,-0.002,-0.049,0.052,0.041,0.014,-0.087,0.017,-0.078,-0.009,-0.02,-0.014,0.004,0.028,-0.024,0.062,0.128,-0.003,0.005,0.051,0.008,0.065,0.14,0.077,0.386,0.722,1.423,2.35,3.363,4.301,5.096,5.32,5.281,4.955,4.213,3.347,2.372,1.459,0.647,0.286,0.053,0.078,-0.062,0.014,0.008,0.036,-0.092,-0.003,-0.105,-0.073,0.015,-0.041,-0.038,-0.012,0.016,-0.014,0.014,0.079,0.021,0.02,0.003,-0.072,-0.014,-0.036,0.095,0.101,0.325,0.745,1.466,2.358,3.363,4.285,4.857,5.105,4.846,4.271,3.393,2.283,1.48,0.784,0.367,0.013,0.079,0.029,-0.007,0.108,0.026,0.019,0.085,0.05,-0.037,0.038,0.039,-0.026,-0.036,-0.062,0.015,0.046,-0.042,0.075,-0.049,-0.028,0.049,0.019,-0.038,-0.03,-0.023,-0.026,-0.095,-0.014,-0.026,-0.004,-0.059,-0.018,-0.075,0.042,0.02,0.151,0.45,0.728,1.458,2.028,2.541,2.865,2.552,2.113,1.269,0.7,0.396,0.09,-0.074,-0.095,0.012,0.004,-0.017,0.031,0.0,0.053,-0.072,0.003,-0.035,0.011,-0.032,0.028,0.026,-0.094,-0.006,-0.023,-0.026,0.028,0.042,0.042,0.107,-0.095,0.039,-0.031,0.042,0.095,0.311,0.84,1.475,2.41,3.29,4.001,4.184,3.902,3.246,2.35,1.422,0.765,0.356,-0.03,-0.048,-0.128,0.052,-0.064,-0.063,0.039,-0.028,-0.004,0.03,-0.039,0.091,0.057,-0.049,-0.006,-0.04,-0.004,0.108,0.076,0.312,0.686,1.427,2.299,3.356,4.095,4.657,4.649,4.125,3.364,2.362,1.466,0.711,0.315,0.105,0.005,-0.08,0.045,0.059,0.102,0.009,0.028,-0.051,0.012,-0.056,-0.102,0.064
-0.012,0.057,-0.036,-0.066,0.002,-0.089,-0.048,-0.037,-0.013,-0.025,-0.063,0.033,0.09,-0.004,0.05,-0.026,-0.027,-0.065,-0.024,-0.05,0.041,-0.036,-0.02,0.066,0.118,0.115,0.03,-0.036,0.001,0.027,0.089,0.022,0.073,-0.018,0.049,0.055,-0.028,-0.012,0.046,0.077,-0.057,0.052,0.005,-0.072,0.084,0.108,0.085,0.1,-0.063,-0.054,-0.003,0.005,0.086,0.411,0.797,1.411,2.406,3.328,4.191,4.686,4.638,4.146,3.359,2.371,1.456,0.671,0.296,0.168,0.071,-0.012,-0.004,-0.008,0.067,0.076,-0.022,0.029,-0.006,0.111,0.002,-0.017,-0.024,-0.016,-0.016,0.083,0.018,-0.0,0.126,0.301,0.771,1.481,2.331,3.271,3.965,4.168,3.912,3.274,2.398,1.385,0.859,0.292,0.127,0.04,0.021,0.005,-0.006,-0.043,-0.076,0.004,-0.032,-0.141,-0.025,0.039,0.014,0.023,-0.035,-0.031,0.003,0.109,0.308,0.673,1.414,2.388,3.318,4.274,4.985,5.415,5.637,5.654,5.715,5.505,4.975,4.245,3.324,2.332,1.429,0.641,0.312,0.133,0.136,-0.014,0.039,-0.023,-0.061,0.04,-0.054,0.009,0.012,-0.016,-0.046,0.008,0.016,-0.021,-0.039,-0.091,-0.028,0.04,0.002,-0.084,0.036,-0.083,-0.041,-0.015,0.033,0.009,-0.119,-0.007,-0.043,-0.005,-0.015,0.072,-0.014,0.074,-0.019,-0.0,-0.051,-0.107,0.046,-0.037,-0.015,-0.001,0.075,0.01,0.03,0.059,0.158,0.438,0.729,1.471,2.385,3.379,4.361,5.0,5.418,5.228,4.898,4.249,3.414,2.314,1.376,0.682,0.357,0.098,0.053,0.11,-0.09,0.008,0.037,-0.023,-0.033,-0.048,-0.046,0.014,-0.051,0.03,0.056,0.357,0.739,1.506,2.387,3.306,4.26,5.032,5.448,5.51,5.591,5.877,5.712,5.74,5.685,5.675,5.488,5.034,4.281,3.424,2.389,1.493,0.737,0.431,0.175,0.03,-0.073,-0.041,-0.049,-0.027,0.038,-0.009,-0.024,0.013,-0.006,0.021,0.022,0.142,0.358,0.695,1.318,2.102,2.559,2.767,2.674,2.018,1.41,0.689,0.249,0.155,-0.015,-0.097,-0.046,-0.054,0.02,-0.05,-0.03,-0.059
-0.022,0.017,-0.043,-0.062,-0.002,0.023,-0.038,-0.061,0.014,0.089,-0.005,0.004,-0.007,-0.112,-0.006,-0.014,-0.018,-0.014,0.082,0.033,-0.039,0.015,0.018,0.012,-0.045,0.006,-0.008,-0.048,0.079,-0.012,-0.049,0.075,-0.039,0.052,-0.036,-0.065,0.004,-0.045,0.057,0.028,-0.02,-0.007,0.09,-0.067,-0.014,0.032,-0.007,0.024,0.053,-0.038,-0.043,0.032,0.047,0.022,-0.076,-0.021,-0.016,-0.027,-0.068,0.015,-0.014,0.036,0.016,-0.084,-0.084,-0.036,-0.094,-0.008,-0.015,-0.014,0.098,-0.081,-0.033,-0.002,0.01,-0.018,0.017,0.056,0.012,-0.034,-0.005,-0.016,-0.003,0.045,-0.017,-0.087,0.064,0.242,0.762,1.454,2.357,3.359,4.187,5.019,5.261,5.538,5.407,4.982,4.25,3.372,2.351,1.409,0.786,0.309,0.13,-0.037,0.067,0.015,-0.061,0.003,0.049,0.135,0.045,-0.083,0.008,0.116,0.005,0.015,0.027,-0.05,0.024,0.019,-0.021,0.039,-0.014,-0.072,-0.011,0.165,0.346,0.743,1.397,2.368,3.285,4.026,4.201,4.007,3.28,2.329,1.409,0.764,0.395,0.107,0.011,-0.011,-0.003,-0.04,-0.021,0.027,-0.054,0.039,0.014,0.037,-0.034,0.075,-0.024,-0.089,0.078,0.063,0.033,0.144,0.268,0.635,1.472,2.343,3.292,3.971,4.146,3.985,3.234,2.43,1.36,0.763,0.261,0.156,0.051,-0.078,0.078,-0.008,-0.075,-0.033,0.026,-0.013,0.019,0.019,0.01,-0.055,-0.056,-0.032,-0.023,0.194,0.416,0.768,1.429,2.381,3.368,4.283,4.824,5.138,4.918,4.311,3.404,2.419,1.405,0.808,0.316,0.118,0.021,0.019,0.004,-0.051,0.016,0.016,-0.113,0.063,0.017,0.033,-0.026,0.021,0.021,0.022,-0.017,-0.085,0.101,0.121,0.266,0.721,1.468,2.419,3.269,4.152,4.55,4.653,4.131,3.405,2.434,1.436,0.794,0.366,0.062,-0.07,-0.001,-0.1,0.028,0.045,0.073,0.0,0.013,-0.005,-0.015,0.053,-0.032,0.044,-0.017,-0.039,0.02,0.038,0.004,-0.043,-0.071,-0.073,-0.056,0.035,-0.048,0.072,0.076,0.064,0.048,0.009,0.048,0.04,-0.068,-0.082
-0.004,-0.023,-0.032,0.152,0.055,0.06,0.072,0.068,-0.017,0.0,0.042,-0.026,-0.073,0.046,0.088,-0.033,-0.041,-0.048,0.016,0.008,-0.035,-0.086,-0.044,0.071,-0.014,0.057,-0.024,0.039,0.001,0.057,-0.019,-0.101,0.08,-0.105,0.034,-0.054,0.045,-0.003,0.065,0.026,-0.028,-0.039,0.146,0.026,-0.018,-0.012,0.023,0.004,0.023,-0.102,0.046,0.003,0.021,-0.004,-0.041,0.042,-0.075,0.016,0.081,-0.038,-0.018,-0.045,0.044,-0.028,0.132,-0.001,-0.076,-0.034,0.008,0.053,0.066,-0.061,-0.024,-0.046,0.071,0.122,0.319,0.791,1.417,2.479,3.42,4.252,4.912,5.368,5.688,5.611,5.584,5.377,4.964,4.289,3.454,2.422,1.492,0.737,0.338,0.061,0.052,0.007,0.019,0.036,-0.015,0.082,0.056,0.048,-0.024,-0.08,-0.107,-0.074,0.011,-0.004,0.043,0.025,-0.019,0.028,0.123,0.393,0.79,1.498,2.407,3.345,4.227,4.977,5.383,5.514,5.435,4.998,4.315,3.388,2.336,1.469,0.758,0.275,0.209,0.089,-0.094,0.02,0.037,-0.036,0.027,-0.042,-0.057,0.004,0.007,-0.038,0.025,0.053,0.082,-0.052,0.001,0.027,0.018,0.049,0.001,-0.112,0.053,-0.154,0.067,-0.043,-0.038,0.045,0.019,-0.025,0.033,0.157,0.347,0.941,1.417,2.292,3.272,4.343,4.968,5.243,5.261,4.944,4.332,3.369,2.38,1.466,0.74,0.303,0.156,0.026,-0.071,0.091,0.011,-0.054,0.089,0.004,-0.042,0.02,0.011,-0.025,0.019,0.091,-0.056,0.037,0.136,0.325,0.758,1.391,2.368,3.385,4.315,4.831,5.416,5.536,5.502,5.082,4.301,3.413,2.384,1.432,0.785,0.412,0.065,0.025,0.026,0.07,0.078,0.011,-0.003,-0.016,-0.022,-0.047,0.057,-0.034,-0.005,0.077,0.339,0.766,1.412,2.359,3.373,4.236,5.018,5.331,5.569,5.666,5.446,5.017,4.239,3.321,2.438,1.476,0.744,0.383,0.036,0.034,0.065,0.043,-0.081,-0.025,-0.048,-0.019,0.088,-0.078,0.039,0.002,0.018,-0.006,-0.0,-0.014,0.02,0.064,-0.053,0.032,0.016,-0.005,-0.035,-0.025,-0.021,-0.018
-0.038,-0.027,-0.011,0.036,0.023,0.012,0.023,0.009,-0.002,0.02,-0.011,-0.012,0.092,0.036,-0.05,0.092,0.017,0.008,0.021,-0.045,0.041,0.005,0.098,-0.016,-0.005,0.029,0.014,-0.004,0.056,0.018,0.08,-0.034,-0.011,0.049,-0.059,-0.066,0.016,-0.14,0.002,-0.059,0.02,0.034,0.099,0.029,0.101,0.029,0.053,0.044,0.126,-0.002,0.138,0.004,0.035,0.039,0.012,-0.049,0.013,-0.034,0.117,0.027,0.06,0.03,-0.037,-0.062,0.01,-0.049,-0.013,-0.031,0.017,0.015,-0.072,0.026,-0.102,-0.01,0.037,-0.133,0.086,-0.037,0.061,-0.003,0.002,0.003,0.044,0.054,0.004,0.125,0.267,0.79,1.47,2.408,3.387,4.287,4.998,5.253,5.283,4.986,4.198,3.246,2.308,1.388,0.809,0.366,0.08,0.072,-0.069,-0.047,0.021,-0.039,-0.064,0.05,-0.088,0.016,-0.051,0.072,0.033,0.0,-0.011,-0.022,0.094,0.057,0.348,0.76,1.474,2.264,3.028,3.609,3.542,3.032,2.271,1.392,0.785,0.29,0.095,0.018,-0.063,0.012,-0.072,0.05,-0.052,0.104,0.04,-0.038,0.076,0.045,-0.037,-0.115,-0.031,-0.086,-0.025,0.121,0.016,-0.002,-0.009,0.037,0.002,-0.004,-0.058,-0.065,-0.045,-0.005,-0.041,-0.078,-0.097,-0.019,0.016,0.052,0.362,0.868,1.454,2.359,3.418,4.214,4.881,5.359,5.548,5.375,4.957,4.329,3.418,2.304,1.451,0.744,0.383,0.11,0.033,-0.01,0.06,0.055,-0.032,0.015,-0.037,-0.016,-0.094,-0.076,0.051,0.023,-0.017,0.043,-0.027,-0.024,0.021,0.076,0.349,0.801,1.455,2.294,3.382,4.163,4.911,5.135,4.815,4.369,3.274,2.433,1.337,0.704,0.257,0.072,0.062,0.106,0.011,0.004,-0.006,-0.003,-0.027,-0.021,-0.048,-0.007,-0.061,-0.015,0.004,0.078,-0.01,0.089,0.321,0.755,1.434,2.401,3.363,4.264,4.889,5.314,5.251,5.016,4.279,3.354,2.422,1.381,0.741,0.319,0.072,-0.019,-0.02,-0.017,-0.082,-0.061,0.078,-0.011,0.046,0.061,0.041,-0.059,0.028,-0.07,0.028,0.0,0.036,0.033,0.043,-0.04,0.0,0.045
0.097,0.026,0.004,0.008,0.043,-0.045,-0.037,-0.067,0.017,0.031,0.036,0.01,-0.04,-0.003,-0.1,-0.002,-0.084,0.023,0.066,0.116,-0.02,0.038,0.003,0.062,0.082,-0.0,-0.052,-0.038,0.029,0.01,0.008,0.007,0.035,0.015,-0.111,-0.019,0.001,-0.071,0.014,-0.012,0.015,-0.019,-0.023,-0.033,-0.033,0.055,-0.008,0.04,-0.02,0.012,0.06,0.009,0.037,0.006,0.02,0.017,0.047,0.05,-0.037,0.029,0.052,-0.05,-0.072,-0.03,-0.078,-0.082,0.086,-0.11,-0.005,0.073,0.033,-0.046,-0.003,-0.003,-0.042,0.011,-0.037,-0.034,0.007,0.008,-0.026,-0.14,0.015,0.196,-0.015,0.088,0.101,0.095,0.07,-0.058,-0.036,-0.055,0.012,0.131,0.362,0.741,1.366,2.39,3.323,4.21,5.022,5.401,5.676,5.82,5.734,5.627,5.689,5.741,5.703,5.643,5.486,5.035,4.226,3.323,2.347,1.412,0.773,0.229,0.215,0.064,0.013,-0.065,0.022,0.011,-0.029,-0.016,-0.005,0.055,-0.031,0.001,0.057,0.032,0.077,-0.044,0.131,0.257,0.715,1.422,2.312,3.402,4.319,4.941,5.116,4.914,4.245,3.319,2.296,1.444,0.664,0.339,0.137,-0.035,-0.056,0.008,-0.009,-0.093,-0.001,0.065,-0.024,-0.039,0.015,-0.085,0.043,0.311,0.795,1.409,2.445,3.368,4.226,4.593,4.578,4.134,3.382,2.286,1.41,0.815,0.362,0.038,0.012,0.078,-0.019,0.077,0.012,-0.061,0.01,0.053,0.009,-0.091,-0.001,-0.054,-0.073,-0.013,0.027,0.012,0.054,0.061,-0.007,-0.031,-0.009,0.11,-0.033,-0.028,0.068,-0.129,0.083,0.059,0.375,0.767,1.413,2.444,3.307,4.2,4.768,4.695,4.18,3.265,2.34,1.525,0.687,0.297,0.038,0.085,-0.051,0.03,-0.005,0.014,0.045,0.017,0.145,0.279,0.767,1.445,2.254,3.421,4.338,4.982,5.408,5.633,5.682,5.615,5.403,4.967,4.29,3.345,2.376,1.428,0.797,0.304,0.101,-0.003,-0.009,0.026,0.055,0.056,0.028,0.077,-0.062,-0.032,0.029,0.019,-0.046,-0.041,-0.022,-0.051,-0.052,-0.021,0.099,-0.026,-0.035,-0.046,-0.003,0.111
0.005,-0.091,0.035,0.015,0.063,0.016,-0.007,-0.019,-0.024,0.035,-0.021,-0.025,0.005,0.065,0.08,-0.049,0.028,0.078,0.027,0.081,0.002,-0.05,0.078,0.071,0.005,0.051,-0.042,0.012,0.03,-0.014,-0.045,0.023,0.064,-0.023,0.01,-0.01,-0.042,-0.062,-0.013,-0.017,0.076,0.052,0.008,-0.039,-0.094,0.074,-0.13,-0.007,0.088,0.003,0.066,-0.089,-0.011,-0.041,0.069,0.065,-0.006,-0.07,0.058,0.013,-0.087,-0.15,0.048,0.033,0.006,-0.065,0.028,-0.01,0.043,0.048,-0.048,0.017,-0.068,-0.016,0.013,-0.003,0.024,0.006,0.046,-0.085,0.067,-0.051,-0.008,0.085,0.021,0.054,0.129,0.277,0.797,1.504,2.417,3.329,4.309,5.016,5.35,5.45,5.368,5.003,4.242,3.373,2.339,1.41,0.727,0.365,0.161,-0.017,0.065,-0.093,0.048,0.008,-0.016,0.008,0.061,0.009,-0.106,-0.021,0.009,-0.046,0.036,0.012,-0.096,0.089,-0.01,-0.028,0.118,0.431,0.725,1.356,2.346,3.36,4.225,4.926,5.161,4.9,4.196,3.335,2.332,1.51,0.745,0.251,0.107,0.031,0.054,0.058,0.023,-0.029,0.023,-0.025,0.072,-0.03,-0.015,0.046,-0.029,-0.076,0.034,0.042,-0.01,0.03,0.052,-0.027,-0.013,0.037,-0.032,0.066,0.016,0.044,0.113,0.414,0.758,1.397,2.365,3.26,3.914,4.185,3.891,3.333,2.435,1.385,0.707,0.329,0.113,0.068,-0.052,-0.029,0.055,-0.019,-0.01,-0.011,-0.054,0.037,-0.012,-0.117,0.022,0.086,-0.027,0.011,-0.027,-0.027,-0.028,-0.049,-0.044,-0.038,-0.042,0.081,0.103,0.097,0.317,0.825,1.482,2.39,3.37,4.264,4.968,5.395,5.529,5.343,4.987,4.373,3.444,2.425,1.522,0.758,0.405,0.094,0.029,-0.046,-0.033,0.007,-0.046,-0.01,-0.08,-0.002,-0.1,-0.001,0.086,0.351,0.698,1.462,2.411,3.47,4.323,4.951,5.137,4.807,4.27,3.412,2.337,1.437,0.8,0.293,0.134,-0.016,-0.002,-0.025,-0.029,-0.05,-0.024,-0.049,-0.103,-0.038,0.061,-0.0,-0.107,-0.042,-0.015,0.032,-0.017,-0.001,0.002,-0.068,-0.01,-0.024
-0.093,-0.014,0.057,-0.003,-0.011,0.036,-0.061,0.034,-0.029,-0.042,0.039,-0.014,-0.001,0.029,-0.005,0.104,0.051,0.085,0.072,-0.077,0.054,-0.014,0.028,0.086,0.003,0.019,-0.009,0.006,0.015,0.035,-0.069,0.053,0.009,0.075,0.016,0.02,-0.019,0.057,-0.021,0.059,0.024,-0.048,-0.048,0.017,-0.075,-0.004,-0.067,0.036,0.05,0.013,0.016,0.036,-0.013,0.07,-0.001,0.022,-0.062,0.024,-0.002,0.02,-0.027,0.038,0.012,-0.004,0.025,-0.028,0.016,-0.006,-0.041,-0.074,0.044,0.053,-0.017,0.068,-0.025,0.03,0.059,-0.024,-0.01,0.006,0.034,0.027,-0.003,0.02,0.012,-0.097,-0.004,0.078,0.137,0.347,0.752,1.337,2.341,3.364,4.152,4.692,4.699,4.123,3.295,2.394,1.439,0.797,0.366,0.058,0.01,0.015,-0.047,-0.017,0.033,-0.042,0.033,-0.068,-0.014,0.111,0.021,0.049,0.035,0.018,-0.036,-0.076,0.048,-0.061,0.138,-0.002,-0.065,0.046,0.12,0.306,0.715,1.498,2.265,3.363,4.23,4.699,4.603,4.133,3.357,2.403,1.412,0.735,0.334,0.077,0.086,-0.043,0.063,0.003,-0.109,0.039,0.014,0.052,0.003,0.032,-0.036,0.006,0.092,-0.059,0.005,-0.015,0.015,0.001,0.079,0.261,0.8,1.391,2.365,3.283,3.958,4.187,3.889,3.243,2.296,1.439,0.753,0.332,0.047,0.041,0.023,-0.063,0.044,0.12,-0.001,0.005,0.071,-0.06,0.049,-0.004,-0.023,0.049,0.039,0.07,0.014,0.051,-0.044,-0.039,0.053,0.037,-0.004,-0.036,0.056,0.011,0.044,0.081,0.389,0.823,1.463,2.439,3.445,4.185,4.797,5.119,4.849,4.375,3.404,2.368,1.465,0.784,0.392,0.121,0.064,0.021,-0.001,0.099,0.048,0.053,-0.046,-0.028,0.101,0.013,-0.089,0.001,0.057,0.087,0.009,0.002,0.064,0.089,0.325,0.722,1.404,2.457,3.429,4.331,4.904,5.284,5.333,4.906,4.262,3.349,2.43,1.423,0.817,0.252,0.102,0.001,0.016,0.025,-0.069,0.004,-0.002,0.141,0.057,0.049,0.074,-0.013,0.039,-0.1,0.084,0.058,0.017,0.003,0.019,0.009
0.014,-0.012,0.005,0.077,-0.045,0.011,-0.126,0.056,-0.044,0.057,-0.06,0.058,-0.074,0.023,-0.051,0.051,-0.057,-0.001,-0.021,-0.056,-0.052,0.012,0.018,-0.061,-0.05,-0.013,0.045,0.01,-0.013,0.066,0.015,0.009,-0.032,0.024,0.073,0.0,-0.012,-0.079,0.034,-0.037,0.014,0.053,0.043,-0.055,-0.013,0.058,-0.007,0.006,0.01,0.016,0.079,-0.01,0.052,-0.029,-0.037,-0.036,-0.04,-0.098,-0.048,-0.05,-0.019,0.028,0.025,-0.009,0.103,0.008,-0.06,0.045,0.029,-0.015,0.116,-0.028,-0.067,-0.114,-0.038,-0.0,-0.037,0.104,0.041,0.336,0.725,1.449,2.436,3.384,4.204,4.64,4.619,4.231,3.332,2.404,1.454,0.806,0.356,0.098,0.037,0.015,-0.038,-0.115,0.035,-0.023,-0.029,0.072,0.02,-0.0,0.039,-0.005,-0.032,-0.061,0.058,-0.004,-0.05,-0.023,-0.066,0.011,0.155,0.301,0.835,1.511,2.398,3.391,4.267,4.957,5.399,5.556,5.428,4.999,4.244,3.39,2.321,1.447,0.768,0.35,0.17,0.078,-0.099,0.004,-0.061,0.047,-0.003,0.0,-0.058,-0.009,-0.031,0.036,-0.049,0.02,0.183,0.317,0.683,1.431,2.361,3.385,4.286,4.749,4.644,4.274,3.303,2.386,1.431,0.731,0.416,0.095,0.036,-0.001,0.066,-0.015,0.034,-0.062,0.032,-0.087,0.061,0.017,-0.025,-0.01,-0.045,0.045,-0.034,-0.056,-0.029,-0.002,-0.018,0.054,0.05,0.145,0.366,0.68,1.534,2.364,3.261,4.204,4.685,4.529,4.176,3.307,2.317,1.576,0.704,0.373,0.12,0.015,-0.007,-0.008,0.049,0.005,-0.034,0.077,0.017,0.001,0.134,-0.014,0.07,0.052,-0.019,-0.026,0.049,-0.049,0.099,0.396,0.73,1.484,2.363,3.329,4.145,4.643,4.652,4.243,3.326,2.372,1.453,0.725,0.391,0.14,0.088,0.114,0.405,0.717,1.44,2.385,3.177,3.911,4.239,3.949,3.308,2.323,1.413,0.73,0.314,0.175,-0.082,0.015,-0.026,0.011,-0.096,0.023,-0.004,0.03,0.028,0.079,0.049,-0.053,0.023,0.041,0.079,-0.057,-0.069,0.006,-0.003,-0.038,-0.016,0.075,-0.026,-0.026
0.051,0.065,0.023,-0.007,0.035,-0.043,-0.007,0.016,0.054,-0.011,0.038,-0.058,0.038,-0.026,-0.007,-0.046,0.077,-0.027,0.056,-0.087,0.053,0.024,-0.064,0.029,-0.031,-0.018,0.06,-0.014,0.006,0.042,-0.044,-0.034,0.097,-0.052,0.054,0.133,0.344,0.76,1.453,2.405,3.402,4.296,4.899,5.005,4.841,4.364,3.371,2.384,1.448,0.737,0.344,0.112,0.05,-0.052,-0.009,-0.082,-0.035,-0.108,0.002,0.061,-0.042,0.011,0.024,-0.014,0.078,-0.001,-0.003,0.032,-0.057,0.0,-0.045,-0.024,0.074,-0.055,0.038,0.081,0.003,0.013,-0.058,0.003,0.01,-0.04,-0.094,-0.057,0.152,0.383,0.819,1.51,2.466,3.329,4.4,4.994,5.332,5.546,5.722,5.765,5.708,5.798,5.7,5.746,5.746,5.753,5.783,5.801,5.743,5.52,5.424,5.049,4.231,3.35,2.354,1.426,0.766,0.33,0.136,0.027,-0.053,-0.058,0.071,0.116,-0.054,-0.012,-0.017,-0.021,0.025,-0.095,-0.057,-0.068,-0.033,0.071,0.026,0.162,0.255,0.76,1.36,2.103,2.672,2.915,2.495,2.02,1.359,0.747,0.358,0.089,0.04,0.047,0.006,-0.097,0.055,0.036,0.042,0.099,0.125,0.363,0.779,1.474,2.392,3.344,4.286,5.024,5.421,5.763,5.724,5.696,5.747,5.623,5.424,4.986,4.308,3.329,2.371,1.55,0.693,0.348,0.058,0.006,0.046,0.011,0.037,0.058,-0.011,0.026,-0.022,-0.062,0.048,0.002,0.118,-0.021,0.062,-0.008,0.121,0.002,0.105,0.21,0.337,0.769,1.508,2.274,3.341,4.291,5.008,5.446,5.636,5.712,5.788,5.665,5.768,5.668,5.349,5.02,4.279,3.35,2.387,1.51,0.751,0.346,0.177,0.035,-0.054,0.033,0.083,0.017,-0.026,0.071,-0.055,0.017,0.076,-0.009,0.021,-0.073,-0.025,-0.085,-0.045,0.057,0.347,0.805,1.395,2.349,3.351,4.28,4.817,4.985,4.886,4.162,3.376,2.394,1.505,0.695,0.341,0.203,0.035,-0.013,0.011,0.021,-0.019,0.052,0.01,0.005,-0.014,0.023,-0.035,0.046,-0.093,0.087,0.003,-0.007,-0.016,-0.018,-0.054,0.061,-0.156,-0.004
0.083,-0.061,0.019,0.036,0.073,-0.015,-0.025,0.018,0.025,-0.069,0.054,0.033,-0.01,0.012,-0.041,-0.03,-0.04,0.019,-0.05,0.056,-0.086,0.086,-0.029,-0.043,-0.102,-0.018,0.04,-0.058,-0.075,-0.136,0.055,0.011,-0.047,-0.01,-0.018,-0.007,-0.081,0.104,-0.014,0.065,-0.056,0.041,-0.046,0.112,-0.012,-0.062,-0.008,0.016,-0.036,-0.119,-0.026,0.021,0.041,0.063,-0.039,-0.052,-0.079,-0.051,-0.095,0.04,0.03,0.012,0.055,0.032,-0.028,-0.028,-0.002,-0.009,0.036,0.081,0.031,0.037,0.001,0.026,0.036,0.026,-0.058,-0.062,-0.033,0.104,0.307,0.812,1.39,2.336,3.463,4.309,4.894,5.472,5.501,5.393,5.019,4.303,3.232,2.398,1.446,0.725,0.318,0.079,0.186,-0.09,-0.044,-0.005,0.015,-0.037,0.001,-0.03,-0.098,0.068,-0.026,-0.039,-0.1,0.026,0.025,-0.001,0.002,-0.008,0.069,-0.033,0.138,-0.026,-0.017,0.006,0.088,0.011,0.033,-0.031,-0.017,-0.06,-0.015,0.103,0.334,0.789,1.399,2.438,3.279,4.291,5.077,5.52,5.486,5.42,4.936,4.291,3.397,2.412,1.451,0.788,0.244,0.145,0.013,-0.027,0.037,-0.062,-0.013,0.012,-0.029,0.015,0.071,0.006,0.017,0.067,-0.012,0.04,0.083,-0.007,0.033,0.005,0.065,0.286,0.683,1.477,2.322,3.354,4.253,5.06,5.403,5.646,5.823,5.681,5.723,5.608,5.411,4.986,4.281,3.405,2.348,1.44,0.704,0.32,0.071,0.0,-0.101,0.008,-0.045,0.036,-0.063,-0.015,0.007,0.016,0.056,0.108,0.107,0.01,-0.091,0.012,-0.0,0.132,0.031,-0.009,0.049,-0.018,-0.052,0.121,0.005,0.059,0.33,0.772,1.439,2.326,3.432,4.253,5.004,5.39,5.591,5.806,5.658,5.569,5.331,4.894,4.255,3.435,2.373,1.368,0.77,0.233,0.1,0.001,-0.075,-0.029,0.029,-0.011,-0.018,-0.042,-0.005,-0.04,-0.03,-0.023,0.005,-0.015,0.055,-0.005,0.065,-0.127,-0.058,-0.017,0.024,0.008,-0.004,0.022,0.034,0.031,0.042,-0.075,0.023,-0.034,-0.034,-0.051,-0.044,-0.04,0.05,0.036,-0.014,-0.02
0.02,0.027,0.086,0.005,0.057,-0.012,-0.003,0.047,-0.003,0.034,-0.018,0.027,-0.003,0.015,-0.044,0.042,-0.002,-0.065,0.018,0.015,0.07,0.036,-0.026,0.04,0.031,0.028,-0.006,0.027,0.061,-0.053,-0.109,-0.037,-0.013,-0.048,-0.032,0.068,0.062,0.056,0.031,-0.052,-0.063,-0.021,-0.086,-0.073,0.025,-0.009,-0.057,-0.037,-0.025,0.043,0.088,0.138,0.008,0.091,0.01,-0.062,0.025,-0.026,-0.015,-0.072,0.005,0.019,-0.039,-0.097,-0.084,0.016,-0.057,-0.021,0.033,-0.021,0.089,-0.033,0.009,0.011,0.052,0.02,0.165,0.41,0.747,1.496,2.368,3.326,4.336,5.077,5.393,5.716,5.647,5.668,5.731,5.771,5.693,5.632,5.747,5.645,5.43,4.959,4.298,3.329,2.356,1.47,0.782,0.35,0.115,0.08,0.026,0.083,-0.059,-0.004,-0.004,-0.024,-0.018,-0.016,-0.032,-0.034,-0.046,-0.097,-0.003,0.001,0.049,0.024,-0.078,-0.044,0.023,0.008,0.0,0.106,0.352,0.707,1.507,2.425,3.363,4.246,4.981,5.403,5.683,5.809,5.739,5.702,5.359,4.934,4.247,3.382,2.419,1.405,0.87,0.325,0.156,-0.063,0.009,0.07,-0.072,-0.008,0.063,0.073,0.005,0.004,-0.012,-0.049,0.023,-0.069,0.032,-0.067,0.068,-0.08,0.096,0.052,0.006,-0.097,0.074,0.112,0.003,0.14,0.18,0.716,1.522,2.36,3.4,4.222,5.056,5.395,5.428,5.398,4.986,4.333,3.296,2.382,1.405,0.755,0.348,0.139,-0.023,0.033,0.093,-0.051,0.011,-0.07,0.038,-0.107,0.011,0.045,0.049,-0.054,-0.019,-0.08,0.011,0.077,0.001,0.029,0.076,0.056,0.298,0.629,1.437,2.352,3.307,4.301,4.876,5.034,4.853,4.332,3.342,2.394,1.464,0.905,0.295,0.061,0.006,0.01,-0.031,-0.079,0.028,0.012,0.198,0.383,0.817,1.492,2.272,2.951,3.465,3.625,3.057,2.321,1.43,0.816,0.3,0.134,0.093,-0.018,0.068,-0.023,0.013,-0.047,-0.022,-0.028,-0.004,-0.014,0.064,-0.008,-0.095,0.094,-0.001,0.031,0.04,0.028,0.001,0.063,-0.034,-0.024,0.012,-0.064,-0.037,0.044
-0.027,0.019,0.03,0.025,0.081,0.054,-0.002,0.012,0.073,0.051,-0.027,-0.014,0.001,0.066,0.024,-0.007,0.03,-0.059,-0.003,-0.01,-0.029,0.024,0.049,-0.031,-0.097,0.106,0.028,-0.109,-0.044,0.0,0.002,0.005,-0.011,-0.014,-0.064,-0.005,-0.02,-0.066,-0.046,0.003,0.069,0.081,0.04,0.049,0.079,0.032,-0.02,0.064,0.355,0.786,1.411,2.323,3.34,4.304,4.975,5.533,5.647,5.627,5.35,4.953,4.275,3.385,2.32,1.483,0.749,0.223,0.191,-0.004,-0.033,0.009,-0.028,0.109,0.027,0.005,0.031,0.135,0.351,0.727,1.359,2.285,2.979,3.476,3.586,2.99,2.289,1.316,0.827,0.312,0.109,0.005,0.047,0.024,0.012,0.029,-0.114,-0.019,0.034,0.072,-0.03,0.07,-0.047,-0.042,-0.062,0.115,0.001,0.122,-0.048,0.024,0.013,-0.016,0.03,-0.073,-0.008,0.188,0.338,0.76,1.46,2.3,3.304,4.353,5.023,5.496,5.745,5.737,5.754,5.586,5.51,4.929,4.297,3.305,2.392,1.487,0.749,0.344,0.083,0.045,-0.036,-0.032,-0.024,-0.053,0.12,0.042,-0.004,0.006,-0.031,-0.003,0.023,0.006,0.079,0.11,0.351,0.699,1.545,2.344,3.405,4.177,4.568,4.663,4.245,3.346,2.319,1.46,0.68,0.342,0.181,-0.022,0.026,-0.004,-0.018,0.061,-0.008,0.001,-0.037,0.016,-0.007,0.011,0.002,0.06,-0.002,0.024,0.022,-0.031,0.168,0.007,0.009,0.011,0.022,-0.004,-0.019,0.096,0.023,0.077,0.127,0.373,0.779,1.425,2.349,3.462,4.302,5.016,5.351,5.654,5.731,5.743,5.417,4.923,4.243,3.369,2.331,1.51,0.738,0.277,0.066,-0.1,-0.033,0.012,-0.035,-0.067,-0.02,0.055,0.084,0.113,0.405,0.769,1.448,2.221,3.084,3.501,3.487,3.064,2.226,1.465,0.797,0.376,0.056,0.017,0.007,-0.008,-0.016,-0.07,0.023,-0.062,0.077,-0.032,-0.061,0.005,0.008,0.038,0.057,-0.053,0.018,0.05,-0.102,0.05,0.014,0.069,-0.064,0.058,-0.095,0.031,0.111,0.093,0.069,-0.079,0.072,0.083,0.004,0.006,0.028,-0.01,0.003,-0.035
-0.086,-0.033,0.059,0.039,0.041,0.093,-0.012,-0.079,-0.063,0.023,0.043,-0.025,-0.018,0.066,-0.048,-0.033,0.029,0.049,-0.085,0.018,-0.018,-0.001,0.011,0.083,0.037,-0.089,0.094,-0.021,-0.066,0.021,-0.012,0.086,-0.071,0.014,0.113,-0.039,0.039,0.003,-0.091,0.03,-0.07,0.049,0.053,-0.022,0.143,0.308,0.732,1.435,2.392,3.403,4.233,4.969,5.414,5.543,5.427,4.838,4.334,3.379,2.312,1.452,0.686,0.386,0.152,-0.068,-0.008,0.017,0.025,-0.037,-0.006,0.073,-0.056,-0.007,0.029,-0.041,-0.014,-0.043,0.044,0.001,0.045,0.278,0.662,1.479,2.333,3.39,4.358,4.986,5.424,5.647,5.611,5.327,4.917,4.411,3.343,2.378,1.546,0.816,0.315,0.094,0.061,-0.046,-0.011,-0.085,0.104,-0.041,0.005,0.082,-0.027,-0.021,0.014,0.073,-0.088,0.006,0.034,-0.047,-0.01,0.059,0.03,0.107,0.283,0.72,1.405,2.324,3.353,4.234,4.932,5.478,5.579,5.692,5.687,5.785,5.755,5.645,5.451,5.021,4.298,3.389,2.407,1.444,0.74,0.364,0.125,0.065,-0.037,0.025,-0.107,-0.031,0.005,-0.026,-0.033,0.088,0.085,-0.08,-0.031,-0.075,-0.032,0.01,0.03,-0.019,0.052,-0.019,0.017,0.028,0.047,0.0,0.039,0.011,-0.017,-0.075,0.03,0.044,-0.007,-0.062,0.066,-0.031,0.058,0.049,0.064,0.337,0.832,1.432,2.352,3.324,4.309,4.99,5.404,5.541,5.383,5.022,4.289,3.392,2.389,1.374,0.745,0.312,0.068,0.074,-0.028,-0.027,0.009,-0.022,0.023,0.024,0.105,-0.0,-0.04,-0.043,-0.062,0.133,0.046,-0.072,0.077,0.053,0.139,0.388,0.767,1.511,2.333,3.376,4.395,5.002,5.375,5.637,5.77,5.737,5.795,5.679,5.702,5.459,4.923,4.273,3.416,2.438,1.531,1.108,1.028,1.563,2.34,3.387,4.328,4.882,5.072,4.891,4.217,3.376,2.381,1.459,0.733,0.251,0.094,0.071,-0.097,0.026,-0.019,-0.032,-0.024,0.009,0.006,-0.114,-0.008,-0.097,-0.095,0.014,0.018,0.026,-0.009,-0.054,0.004,0.025,0.041,0.053,-0.053,-0.04
-0.034,-0.002,0.004,0.006,0.034,0.006,0.031,-0.033,-0.028,-0.007,0.022,0.107,0.003,0.034,0.04,0.005,-0.07,-0.033,0.029,0.026,0.066,-0.011,0.032,0.07,-0.044,0.137,0.43,0.771,1.437,2.288,3.489,4.263,4.997,5.478,5.686,5.606,5.421,4.987,4.292,3.359,2.389,1.435,0.721,0.36,0.106,0.061,0.062,-0.032,-0.001,-0.019,0.015,0.009,0.022,-0.011,-0.004,-0.011,0.043,0.023,0.069,-0.089,-0.006,0.0,0.012,0.018,-0.011,-0.041,0.022,0.003,0.017,0.015,-0.112,0.096,0.02,-0.0,-0.071,-0.02,-0.003,-0.007,-0.04,-0.11,-0.078,-0.018,-0.002,0.058,0.096,-0.061,0.034,0.061,0.012,-0.012,0.026,-0.008,0.07,0.154,0.317,0.794,1.35,2.326,3.346,4.32,4.956,5.308,5.587,5.726,5.725,5.837,5.726,5.733,5.751,5.725,5.664,5.588,5.391,5.014,4.207,3.384,2.353,1.427,0.746,0.308,0.169,0.095,0.031,0.067,-0.1,0.016,0.007,0.045,0.136,-0.043,-0.016,0.035,-0.047,0.055,0.07,0.108,0.052,-0.012,-0.008,0.042,0.095,0.356,0.689,1.474,2.358,3.399,4.233,4.898,5.032,4.887,4.325,3.448,2.264,1.459,0.668,0.351,0.07,-0.02,-0.02,-0.025,-0.092,-0.025,-0.006,-0.039,-0.11,0.013,-0.026,0.008,-0.03,0.002,0.039,-0.01,-0.043,0.076,0.006,0.013,0.027,-0.058,0.057,-0.037,0.07,0.012,0.024,0.335,0.813,1.508,2.431,3.384,4.298,5.059,5.371,5.6,5.77,5.728,5.646,5.372,4.969,4.261,3.387,2.422,1.475,0.877,0.303,0.107,-0.018,0.005,0.077,-0.037,-0.046,0.017,0.002,0.104,-0.005,-0.083,-0.003,-0.017,0.016,-0.002,-0.029,0.03,0.016,-0.019,0.021,0.007,-0.035,-0.032,0.087,0.017,0.367,0.725,1.473,2.335,3.388,4.282,5.014,5.422,5.576,5.427,4.882,4.32,3.38,2.324,1.424,0.802,0.286,0.195,0.115,0.035,0.017,0.029,0.009,-0.037,0.018,-0.018,-0.043,0.023,0.022,-0.025,0.088,-0.023,-0.074,0.064,-0.064,0.036,-0.001,-0.026,-0.005,-0.056,0.005,-0.008,-0.019,0.063
-0.015,-0.108,0.049,0.032,0.017,-0.051,-0.067,-0.088,-0.033,-0.071,0.091,0.028,0.034,0.0,0.046,0.008,0.003,0.065,-0.075,-0.044,-0.007,0.014,0.016,-0.036,0.01,0.038,0.169,0.229,0.811,1.408,2.472,3.34,4.345,4.981,5.262,5.302,4.925,4.331,3.394,2.382,1.481,0.833,0.294,0.034,-0.029,0.111,0.074,0.044,0.044,0.094,0.017,0.066,-0.005,-0.101,0.003,0.08,-0.016,0.036,-0.001,-0.011,-0.059,-0.018,0.069,0.04,-0.046,-0.137,-0.064,-0.136,0.043,-0.007,-0.056,-0.072,0.015,-0.021,0.094,-0.001,0.038,0.047,0.022,0.048,-0.002,-0.033,0.002,-0.064,-0.074,0.203,0.33,0.732,1.497,2.268,3.258,3.997,4.231,3.997,3.28,2.403,1.403,0.827,0.375,0.205,0.021,-0.049,0.062,-0.009,0.019,0.015,0.05,0.026,-0.036,0.024,-0.05,-0.058,-0.004,0.051,0.06,-0.074,-0.05,-0.032,0.023,0.029,-0.047,0.069,0.018,-0.001,0.005,0.042,-0.059,0.071,-0.063,0.11,0.39,0.772,1.476,2.283,3.251,4.002,4.295,3.988,3.272,2.381,1.479,0.707,0.296,0.118,0.023,0.016,0.004,0.004,-0.023,0.027,-0.031,-0.094,0.011,0.048,0.008,0.006,0.123,0.031,-0.001,0.042,-0.069,-0.001,0.007,-0.014,0.03,0.091,0.04,0.036,0.02,-0.051,-0.011,0.043,0.085,0.32,0.766,1.433,2.103,2.614,2.732,2.569,2.07,1.482,0.775,0.334,0.103,-0.002,-0.077,0.037,0.094,0.212,0.789,1.457,2.404,3.388,4.372,5.023,5.327,5.544,5.382,4.869,4.398,3.456,2.381,1.442,0.731,0.322,0.198,0.058,-0.009,-0.031,0.031,-0.042,-0.11,-0.031,-0.023,-0.033,-0.064,-0.009,0.003,0.119,0.266,0.823,1.443,2.356,3.341,4.295,4.794,5.05,4.854,4.17,3.424,2.459,1.523,0.796,0.38,0.02,0.027,0.01,-0.002,0.031,-0.029,0.044,0.022,-0.002,-0.022,-0.034,-0.006,0.02,0.036,0.014,0.001,-0.004,0.041,0.064,-0.006,0.017,-0.047,0.027,-0.066,0.145,-0.025,-0.067,-0.045,-0.018,0.014,0.071,0.042,-0.011,0.061,0.039,-0.017,-0.075
0.092,0.102,0.103,-0.066,-0.082,-0.069,-0.067,-0.109,-0.031,-0.002,0.016,-0.035,-0.03,-0.05,-0.017,0.066,-0.116,-0.073,0.007,-0.062,-0.052,0.051,-0.011,0.055,0.083,-0.026,0.076,0.122,0.035,0.026,-0.021,0.055,0.018,-0.02,-0.0,-0.044,0.033,0.075,-0.019,-0.01,0.039,0.037,0.023,-0.141,-0.032,-0.021,0.011,-0.071,-0.037,-0.063,-0.047,0.035,0.124,0.039,0.018,0.063,0.092,-0.004,-0.039,0.011,0.004,0.035,-0.01,-0.074,0.022,-0.039,0.065,0.056,0.031,-0.03,-0.091,0.081,-0.057,-0.041,-0.061,-0.027,-0.04,0.03,-0.065,0.031,0.053,0.099,0.041,0.084,0.299,0.75,1.472,2.407,3.4,4.309,4.801,5.066,4.82,4.12,3.292,2.305,1.472,0.735,0.352,0.185,0.001,-0.038,-0.011,-0.037,0.001,-0.035,-0.056,0.006,0.06,0.025,0.005,0.046,0.014,0.048,0.114,0.363,0.708,1.399,2.306,3.025,3.652,3.52,3.065,2.324,1.353,0.756,0.34,0.135,0.04,-0.057,-0.038,0.083,0.087,0.053,-0.055,0.006,0.027,-0.008,-0.04,-0.009,0.012,0.085,-0.036,-0.035,0.015,-0.115,0.084,-0.006,0.047,0.03,0.001,-0.031,0.03,0.045,-0.073,0.053,0.006,-0.021,0.069,-0.005,-0.021,0.018,-0.013,0.054,0.009,0.039,-0.057,-0.003,0.022,-0.075,-0.079,0.056,-0.022,0.116,0.342,0.747,1.458,2.316,3.08,3.451,3.495,3.066,2.231,1.387,0.772,0.357,0.119,0.027,-0.026,-0.05,0.047,-0.021,-0.039,-0.008,0.093,-0.079,0.1,0.008,-0.029,-0.009,0.035,0.09,0.295,0.712,1.318,1.998,2.587,2.914,2.595,2.024,1.347,0.705,0.362,0.069,0.023,0.023,0.011,-0.041,0.058,-0.038,0.094,0.097,0.341,0.704,1.515,2.372,3.369,4.311,5.08,5.448,5.509,5.413,4.941,4.285,3.435,2.259,1.412,0.759,0.381,0.177,-0.014,0.093,-0.057,-0.039,-0.062,-0.042,0.07,-0.021,0.067,-0.028,0.144,-0.098,-0.002,0.012,-0.041,0.014,-0.082,-0.038,-0.044,0.053,0.057,0.023,0.048,-0.038,0.034,0.076,-0.066,-0.019,-0.04,0.048,0.069,-0.045
0.069,-0.097,-0.009,0.032,-0.083,-0.094,0.033,0.073,-0.01,-0.003,-0.054,-0.02,-0.054,-0.025,0.019,-0.031,0.043,0.007,-0.019,0.059,0.005,0.064,-0.041,0.044,0.033,-0.019,-0.054,0.052,0.068,0.017,-0.073,0.043,-0.049,-0.044,-0.091,0.013,-0.071,-0.015,-0.031,-0.056,0.015,0.043,-0.064,0.038,-0.071,-0.072,-0.017,-0.016,-0.027,-0.003,-0.021,0.044,0.016,0.037,0.008,0.042,0.051,0.089,0.015,-0.032,-0.044,0.063,-0.086,-0.01,-0.012,0.004,0.033,-0.041,-0.03,0.0,0.055,-0.026,0.04,-0.033,-0.004,0.082,0.009,-0.025,0.083,0.209,0.135,0.396,0.687,1.468,2.354,3.252,3.914,4.282,3.988,3.281,2.334,1.381,0.767,0.26,0.13,0.019,0.008,0.04,-0.028,-0.096,0.045,-0.048,-0.045,-0.0,0.027,0.047,0.005,0.018,-0.091,-0.064,0.086,-0.031,-0.039,-0.028,-0.021,0.087,0.312,0.707,1.41,2.257,3.384,4.174,4.662,4.726,4.139,3.32,2.449,1.482,0.783,0.236,0.115,0.014,0.041,0.054,-0.027,0.061,-0.005,-0.004,0.121,0.18,0.508,0.766,0.87,1.017,0.944,0.745,0.428,0.305,0.022,-0.019,-0.022,0.055,-0.014,-0.045,0.005,-0.004,-0.044,0.057,0.22,0.294,0.71,1.508,2.264,3.36,4.243,5.006,5.424,5.658,5.754,5.731,5.741,5.704,5.786,5.626,5.426,4.931,4.298,3.393,2.365,1.568,0.739,0.315,0.166,0.09,0.073,0.018,-0.095,0.029,-0.034,-0.024,0.028,-0.058,-0.019,0.021,0.012,0.064,0.056,-0.032,-0.012,-0.145,-0.068,0.05,0.118,0.363,0.744,1.461,2.031,2.568,2.842,2.61,1.973,1.315,0.698,0.285,0.124,0.055,-0.028,-0.027,0.057,-0.041,0.031,0.079,0.059,0.274,0.81,1.409,2.352,3.372,4.26,4.946,5.339,5.238,4.927,4.251,3.403,2.31,1.462,0.805,0.35,0.134,0.041,-0.105,-0.044,-0.003,-0.067,-0.045,0.03,-0.07,-0.008,-0.022,0.042,0.04,0.116,0.016,-0.022,-0.051,0.016,0.057,-0.071,-0.006,-0.111,-0.017,0.059,-0.025,-0.018,-0.023,-0.027,0.088,-0.011,0.029,0.063,-0.075
-0.016,-0.056,0.073,-0.031,-0.023,0.003,-0.017,0.027,-0.031,-0.063,0.086,0.022,0.03,-0.052,0.004,-0.128,-0.016,-0.052,-0.056,-0.03,0.035,0.031,0.054,0.06,-0.002,0.0,-0.03,-0.071,0.041,0.05,-0.087,-0.041,-0.023,0.02,-0.008,0.004,-0.029,0.05,-0.007,-0.009,-0.013,-0.046,0.087,0.08,0.035,0.018,-0.12,0.022,0.009,0.063,-0.044,0.079,0.053,0.013,-0.014,0.008,-0.012,0.086,0.034,0.045,0.048,0.045,-0.065,0.021,0.007,0.007,-0.068,0.088,-0.061,-0.025,0.04,-0.041,0.108,0.117,0.293,0.733,1.433,2.398,3.344,4.195,4.975,5.281,5.382,5.01,4.312,3.309,2.382,1.469,0.726,0.359,0.013,-0.013,0.011,-0.009,0.078,-0.066,0.04,-0.046,-0.055,0.07,-0.017,0.015,-0.057,0.045,0.099,0.108,0.336,0.598,1.161,1.573,1.99,1.846,1.649,1.12,0.553,0.284,0.125,-0.062,-0.023,0.002,-0.007,0.078,-0.046,-0.085,-0.025,0.055,-0.117,-0.002,-0.015,0.058,-0.017,-0.02,0.032,-0.115,-0.089,-0.055,0.01,-0.005,-0.07,-0.038,-0.021,-0.065,-0.056,0.158,0.331,0.841,1.261,2.023,2.552,2.788,2.612,2.036,1.295,0.747,0.268,0.1,0.11,-0.052,-0.117,0.019,0.03,0.076,-0.053,0.096,-0.076,0.056,-0.056,-0.027,-0.006,0.016,0.042,0.298,0.82,1.447,2.423,3.353,4.336,4.955,5.398,5.705,5.78,5.822,5.714,5.59,5.376,4.932,4.287,3.381,2.442,1.606,0.86,0.671,0.871,1.182,1.536,1.906,1.926,1.601,1.08,0.758,0.401,0.128,-0.069,-0.022,-0.001,-0.021,0.048,-0.012,0.083,0.003,0.019,0.036,-0.001,0.04,0.311,0.677,1.446,2.451,3.332,4.289,4.959,5.399,5.532,5.418,4.964,4.235,3.25,2.356,1.443,0.706,0.282,0.055,0.033,-0.021,-0.053,-0.0,-0.053,-0.019,0.026,-0.06,0.049,0.021,0.081,0.009,0.002,0.061,-0.032,-0.01,-0.084,0.023,0.008,0.047,0.033,-0.011,-0.055,0.031,0.035,0.014,0.008,-0.077,-0.042,0.033,-0.084,-0.004,0.041,-0.061,0.039,0.024,0.021,-0.015,0.014,-0.016
0.005,-0.008,0.011,-0.046,-0.037,0.02,-0.005,-0.03,-0.003,0.017,-0.023,0.083,0.015,-0.012,0.012,0.083,0.037,-0.04,-0.007,-0.031,-0.078,-0.047,0.019,-0.04,0.061,0.005,-0.017,0.087,-0.057,0.011,-0.005,0.004,0.031,-0.01,-0.001,0.031,0.035,0.05,-0.031,0.079,0.053,-0.029,0.027,-0.024,-0.057,0.047,0.037,0.039,0.008,0.048,0.008,0.015,0.136,-0.075,0.0,0.059,-0.038,-0.007,0.009,0.012,-0.036,-0.06,0.017,-0.0,-0.048,-0.032,0.039,0.028,0.003,0.088,0.012,0.031,-0.021,-0.026,0.031,0.044,0.293,0.747,1.424,2.165,3.051,3.521,3.521,3.057,2.21,1.457,0.759,0.32,0.027,0.17,0.251,0.62,1.095,1.591,1.926,1.889,1.716,1.184,0.682,0.259,0.028,-0.008,0.04,0.014,-0.056,-0.095,0.054,0.333,0.7,1.124,1.659,1.914,1.93,1.666,1.115,0.694,0.307,0.167,0.065,0.042,0.032,-0.02,-0.03,-0.025,0.037,0.074,0.047,0.009,0.041,-0.119,-0.039,0.07,0.017,0.037,0.01,0.001,-0.097,-0.039,-0.044,0.061,0.068,-0.048,-0.001,-0.022,-0.055,-0.009,0.037,0.158,0.423,0.712,1.448,2.365,3.352,4.214,4.963,5.329,5.357,4.936,4.289,3.352,2.399,1.425,0.785,0.285,0.182,0.065,0.068,0.013,-0.001,0.005,0.042,-0.091,0.034,-0.073,-0.04,0.002,0.072,0.006,0.058,0.004,0.03,-0.132,-0.005,-0.069,-0.001,-0.009,-0.032,-0.039,0.021,0.082,-0.016,0.025,0.005,0.071,0.371,0.737,1.443,2.395,3.439,4.245,4.824,5.083,4.827,4.231,3.296,2.351,1.423,0.819,0.316,0.005,0.041,-0.07,0.053,0.062,0.307,0.695,1.262,1.986,2.504,2.799,2.633,2.103,1.423,0.762,0.242,0.156,0.023,-0.014,0.029,0.028,0.016,0.02,0.067,-0.046,0.003,-0.063,-0.028,0.019,-0.023,-0.069,0.079,0.057,0.003,0.149,0.018,-0.042,0.059,0.045,0.088,-0.063,-0.062,0.044,-0.0,-0.038,0.069,-0.049,-0.028,-0.041,0.016,-0.061,0.009,-0.0,-0.009,-0.004,-0.097,0.021,-0.124,-0.018,-0.032,-0.07,-0.082,-0.008
0.003,0.024,0.007,-0.031,0.007,0.002,0.024,-0.01,-0.041,-0.087,0.066,-0.105,0.062,-0.143,0.016,0.011,-0.055,-0.009,-0.014,-0.013,-0.065,-0.08,0.125,0.072,-0.073,-0.002,-0.007,-0.079,-0.041,0.025,0.037,0.004,0.019,0.031,-0.031,-0.001,0.03,-0.015,-0.076,0.027,0.055,-0.002,-0.004,0.014,0.073,0.011,-0.033,-0.002,-0.007,0.052,0.056,-0.048,-0.032,0.035,0.052,-0.054,0.025,0.043,0.014,0.029,-0.014,-0.054,0.043,-0.068,-0.008,-0.051,0.098,0.029,0.051,0.041,-0.059,-0.045,-0.005,-0.021,0.153,0.078,0.252,0.739,1.506,2.347,3.344,4.259,4.97,5.339,5.636,5.598,5.346,4.907,4.353,3.398,2.296,1.479,0.754,0.272,0.23,0.028,0.021,-0.048,-0.021,-0.036,-0.031,-0.006,0.103,-0.042,-0.037,-0.053,-0.031,0.082,-0.066,-0.09,-0.096,0.106,-0.004,0.07,0.033,0.09,0.086,-0.004,-0.003,0.067,0.355,0.852,1.399,2.468,3.333,4.201,4.644,4.718,4.133,3.311,2.337,1.453,0.82,0.325,0.126,0.098,0.008,-0.054,0.045,-0.07,0.054,0.051,0.021,0.03,-0.032,0.048,-0.095,-0.035,-0.014,-0.111,-0.015,0.039,-0.029,-0.085,0.055,-0.013,0.057,-0.058,0.042,0.042,0.048,-0.025,0.012,0.06,0.327,0.866,1.478,2.294,3.372,4.235,5.059,5.427,5.656,5.7,5.397,4.976,4.293,3.407,2.382,1.444,0.772,0.381,-0.004,-0.127,-0.067,-0.023,-0.053,0.067,-0.025,-0.007,0.1,-0.038,0.077,0.043,0.038,0.014,0.025,-0.03,0.033,0.047,-0.037,-0.084,-0.019,0.053,0.027,0.081,0.124,0.271,0.754,1.33,2.29,3.36,4.207,4.952,5.323,5.38,4.902,4.264,3.417,2.333,1.453,0.779,0.463,0.39,0.78,1.363,1.988,2.655,2.733,2.568,2.08,1.375,0.792,0.404,0.142,0.085,0.107,0.028,0.085,0.081,-0.129,-0.02,0.024,-0.035,-0.008,0.025,-0.028,-0.034,0.027,0.031,0.009,0.011,-0.004,0.058,0.07,0.021,0.028,0.021,-0.019,0.049,-0.015,0.035,0.034,-0.001,0.035,0.089,0.079,0.024,0.091,-0.071,0.019,0.052
-0.031,0.08,0.024,-0.058,0.014,0.02,0.056,-0.0,0.001,-0.012,-0.072,0.027,-0.018,0.005,0.012,-0.05,0.077,0.029,0.023,-0.007,0.033,0.022,0.029,0.028,0.026,-0.013,0.004,-0.001,0.078,0.011,-0.005,-0.014,0.02,-0.019,0.046,0.051,-0.021,0.01,-0.126,-0.009,0.031,0.002,0.071,-0.086,0.023,-0.017,-0.034,-0.048,-0.006,0.038,0.042,-0.013,-0.007,0.021,0.069,-0.02,-0.032,-0.026,0.034,0.087,-0.02,-0.029,0.037,0.052,0.044,0.05,0.066,-0.008,0.035,-0.035,0.037,0.065,0.144,0.329,0.695,1.435,2.361,3.406,4.306,4.846,4.998,4.907,4.289,3.362,2.416,1.463,0.745,0.312,0.152,0.045,-0.058,0.0,0.074,0.022,-0.019,0.062,-0.035,0.006,0.037,-0.007,0.041,0.002,-0.005,0.061,0.037,0.034,0.051,0.112,0.356,0.679,1.335,2.049,2.643,2.761,2.617,2.019,1.347,0.728,0.283,0.098,0.01,0.112,-0.075,-0.032,-0.008,0.072,0.004,0.098,-0.022,-0.036,-0.025,0.102,-0.137,0.001,-0.017,0.04,-0.011,-0.003,0.008,-0.0,-0.062,0.085,0.004,-0.025,0.012,-0.035,-0.018,0.003,-0.05,0.075,0.05,-0.095,-0.058,0.042,0.143,0.365,0.603,1.138,1.678,1.943,1.927,1.579,1.051,0.617,0.306,0.142,0.446,0.484,1.136,1.616,2.023,1.852,1.684,1.108,0.67,0.325,0.122,0.08,-0.001,-0.015,0.044,0.011,0.035,0.152,0.299,0.737,1.457,2.342,3.399,4.308,4.972,5.397,5.596,5.663,5.63,5.412,4.969,4.255,3.322,2.31,1.379,0.791,0.322,0.022,0.091,0.014,-0.05,-0.099,0.065,-0.003,0.029,-0.006,0.063,-0.06,-0.049,0.092,-0.006,0.021,0.068,0.043,-0.046,0.038,0.117,0.345,0.782,1.463,2.256,2.988,3.478,3.561,3.095,2.307,1.367,0.739,0.406,0.162,-0.047,0.022,-0.097,-0.058,0.077,-0.023,0.04,-0.014,0.019,-0.011,0.037,0.021,0.009,-0.057,0.022,-0.03,0.016,-0.03,0.021,0.025,0.051,-0.003,-0.033,-0.056,-0.011,-0.085,0.02,0.015,-0.047,-0.008,0.038,-0.026,-0.046,0.007,-0.065,0.055
-0.022,-0.151,-0.018,-0.006,-0.012,0.067,-0.019,0.057,0.034,0.002,-0.064,-0.05,0.057,-0.011,0.024,0.006,0.038,0.013,-0.019,-0.054,-0.037,-0.075,-0.001,0.013,0.053,0.037,0.068,-0.061,-0.017,-0.033,0.05,-0.053,0.011,-0.047,0.036,-0.04,0.006,0.054,-0.068,-0.017,0.039,0.021,-0.118,-0.087,-0.001,-0.035,-0.007,-0.072,0.042,-0.016,-0.022,-0.103,-0.048,-0.057,-0.034,0.025,0.017,-0.038,0.149,0.017,-0.052,-0.107,-0.048,0.008,-0.075,-0.023,-0.008,-0.002,-0.101,-0.065,-0.036,0.089,0.116,0.242,0.75,1.436,2.347,3.495,4.267,5.001,5.353,5.642,5.474,5.478,4.98,4.312,3.481,2.385,1.502,0.758,0.313,0.076,0.041,-0.017,0.053,0.003,-0.06,0.015,-0.023,0.012,0.056,-0.024,0.022,0.043,-0.011,0.032,-0.033,0.079,0.006,-0.095,-0.028,-0.004,-0.014,-0.043,0.09,0.038,0.067,-0.015,0.052,0.3,0.694,1.371,1.952,2.606,2.822,2.704,2.016,1.388,0.754,0.252,0.026,-0.003,0.01,0.018,0.075,0.023,-0.007,-0.03,-0.049,0.026,-0.055,-0.067,0.083,0.038,0.092,0.276,0.827,1.501,2.266,3.15,3.579,3.446,3.063,2.261,1.352,0.773,0.355,0.148,0.022,0.014,-0.068,0.121,0.04,0.05,0.027,0.065,-0.033,-0.003,0.129,-0.047,-0.019,0.08,-0.012,0.018,0.022,0.002,0.017,-0.038,-0.013,0.06,-0.051,0.062,0.258,0.732,1.118,1.558,1.817,1.814,1.739,1.23,0.729,0.332,0.161,0.029,0.017,-0.075,0.001,0.044,0.051,0.14,0.346,0.886,1.439,2.355,3.214,4.029,4.218,4.003,3.313,2.385,1.445,0.778,0.323,0.157,0.384,0.831,1.441,2.419,3.269,3.985,4.321,3.953,3.243,2.413,1.468,0.822,0.337,0.089,-0.03,-0.075,0.095,0.043,0.046,-0.087,-0.071,-0.103,-0.003,0.056,0.015,-0.066,0.075,0.002,-0.047,-0.018,-0.022,-0.135,0.039,-0.004,0.016,-0.021,-0.07,-0.014,-0.13,-0.021,-0.059,0.124,-0.047,0.008,-0.047,0.01,0.031,-0.021,0.089,0.015,-0.063,-0.058,0.137,-0.008,-0.056,-0.025,-0.002,-0.033
0.054,-0.013,-0.012,-0.071,0.047,-0.062,-0.015,-0.056,-0.055,0.0,-0.026,-0.005,0.006,-0.006,-0.018,0.07,-0.009,0.058,-0.021,-0.054,0.073,0.038,0.017,-0.009,0.029,0.019,0.072,0.004,0.023,0.036,-0.029,0.127,-0.019,0.022,-0.065,-0.078,0.004,-0.003,0.038,0.033,0.035,0.043,-0.086,-0.047,0.093,-0.001,-0.04,-0.004,-0.001,-0.07,0.03,-0.025,0.023,-0.045,-0.042,-0.098,-0.046,-0.019,-0.092,0.008,-0.034,0.005,-0.107,0.018,0.019,0.044,-0.087,-0.051,0.017,0.071,-0.094,0.051,-0.011,-0.071,-0.001,0.083,0.035,-0.043,0.136,0.225,0.735,1.494,2.325,3.054,3.451,3.53,3.037,2.262,1.468,0.694,0.41,0.077,-0.01,0.125,-0.047,-0.137,-0.013,0.036,-0.043,0.007,0.082,0.046,0.082,-0.058,0.004,0.04,0.04,-0.049,0.04,0.094,0.231,0.689,1.09,1.635,1.876,1.844,1.693,1.155,0.849,0.637,0.916,1.456,2.298,3.218,3.921,4.292,3.969,3.282,2.362,1.439,0.746,0.309,0.089,0.041,0.068,-0.035,-0.03,-0.063,0.095,-0.002,0.151,-0.114,0.021,0.007,0.098,0.012,-0.071,0.012,-0.038,-0.038,-0.028,-0.02,-0.036,0.014,-0.013,-0.021,0.005,0.034,-0.057,-0.007,0.085,0.228,0.795,1.41,2.28,3.073,3.464,3.586,3.123,2.264,1.394,0.744,0.339,0.141,0.05,-0.03,-0.056,-0.0,0.058,-0.028,-0.007,-0.066,0.051,-0.01,-0.042,-0.044,0.058,-0.038,0.022,0.118,0.034,0.038,-0.014,0.003,-0.095,0.035,0.052,-0.013,0.016,-0.079,-0.061,-0.035,0.001,0.012,-0.056,-0.005,0.001,0.048,-0.023,0.105,0.372,0.751,1.406,2.293,3.054,3.441,3.529,2.995,2.417,1.707,1.462,1.408,1.684,2.014,1.878,1.599,1.121,0.663,0.259,0.009,0.055,0.021,0.039,0.027,-0.035,0.021,-0.022,-0.011,0.011,-0.044,-0.056,0.11,0.026,0.063,-0.027,-0.009,0.035,-0.089,0.022,0.03,0.009,0.002,0.023,0.023,0.011,0.026,0.067,-0.034,-0.068,-0.065,0.006,0.037,0.029,-0.049,-0.05,-0.045,-0.066,-0.02,0.079,0.045,0.006,0.017
0.015,0.033,0.021,-0.007,-0.033,-0.118,0.061,0.019,0.009,-0.001,0.002,-0.003,-0.007,-0.133,0.016,-0.051,-0.094,-0.017,-0.023,0.022,0.063,0.091,0.015,0.001,0.033,0.093,0.035,-0.005,0.013,-0.038,0.005,0.044,-0.035,0.005,0.059,-0.017,-0.041,0.033,0.017,-0.011,0.01,0.085,0.055,0.038,-0.021,-0.045,0.035,0.081,0.034,0.047,0.036,0.061,0.008,0.038,-0.025,-0.05,-0.051,-0.018,-0.066,-0.007,-0.062,-0.003,-0.014,-0.057,-0.095,0.045,0.25,0.38,0.794,1.403,2.347,3.366,4.174,4.657,4.618,4.25,3.392,2.386,1.485,0.712,0.358,0.143,-0.008,-0.028,0.035,-0.059,-0.084,-0.05,-0.064,0.061,-0.016,0.049,-0.087,-0.033,-0.013,-0.043,-0.054,0.064,0.012,0.081,-0.079,-0.025,0.107,0.043,0.053,0.356,0.748,1.338,1.973,2.546,2.838,2.666,1.994,1.369,0.707,0.337,0.121,0.028,0.041,0.014,0.013,-0.0,-0.049,0.036,-0.034,-0.001,-0.009,0.063,0.041,0.015,0.048,-0.001,-0.037,0.008,0.052,-0.035,-0.002,-0.015,-0.027,-0.075,0.111,-0.0,-0.021,0.052,0.042,-0.024,-0.058,0.012,0.015,-0.022,-0.028,-0.039,0.08,-0.008,-0.017,0.078,-0.016,-0.029,-0.043,0.066,-0.02,0.312,0.561,1.128,1.574,1.901,1.962,1.611,1.173,0.653,0.312,0.17,0.109,-0.021,-0.043,-0.049,-0.066,0.005,-0.076,0.089,0.351,0.819,1.563,2.393,3.271,3.961,4.253,3.962,3.254,2.344,1.419,0.826,0.292,0.079,0.033,-0.025,0.02,0.073,0.016,0.007,0.047,-0.044,-0.01,0.056,0.016,0.021,-0.033,-0.015,0.074,0.092,0.453,0.748,1.422,2.216,3.034,3.464,3.618,2.99,2.264,1.371,0.729,0.231,0.079,0.118,0.025,-0.012,-0.073,-0.019,0.023,-0.064,-0.075,-0.072,-0.044,0.024,0.009,-0.005,-0.039,-0.022,-0.074,0.098,0.005,-0.108,-0.01,0.085,0.004,-0.092,0.078,0.13,-0.054,-0.026,0.022,0.018,0.324,0.609,1.202,1.576,1.875,1.865,1.565,1.15,0.621,0.272,0.007,0.053,-0.019,0.061,-0.063,-0.064,0.001,0.014,0.044,0.016
-0.047,-0.034,-0.008,-0.028,-0.019,0.041,0.007,-0.017,0.075,0.051,-0.057,0.078,-0.028,-0.022,-0.021,-0.064,0.007,-0.019,-0.019,-0.073,-0.043,-0.04,-0.041,-0.017,-0.128,-0.092,-0.054,-0.057,0.1,-0.033,-0.002,-0.057,0.001,-0.06,0.022,-0.001,-0.04,-0.042,0.039,-0.083,0.029,0.059,0.015,0.036,-0.012,0.014,0.047,0.042,-0.013,0.045,0.064,-0.053,0.108,-0.042,-0.069,-0.047,0.049,0.146,0.351,0.827,1.441,2.262,3.24,3.889,4.237,3.992,3.241,2.319,1.476,0.78,0.287,0.092,0.049,0.001,-0.112,-0.044,0.012,-0.089,-0.012,0.046,0.006,0.002,-0.049,-0.057,-0.043,-0.051,0.002,-0.013,-0.075,0.013,-0.039,0.014,0.039,-0.061,0.017,-0.043,-0.1,-0.008,0.087,0.115,-0.032,0.073,-0.049,0.008,-0.003,-0.022,0.039,0.026,0.098,-0.013,-0.095,0.003,0.05,0.089,0.104,0.259,0.621,1.173,1.579,1.85,1.94,1.65,1.165,0.618,0.321,0.109,-0.033,0.002,-0.01,-0.102,-0.044,-0.007,-0.054,0.031,-0.043,-0.001,0.081,-0.093,-0.002,0.037,0.07,-0.048,-0.05,0.03,-0.076,-0.003,0.007,0.057,0.05,0.054,-0.004,0.036,-0.018,-0.015,0.003,0.029,-0.053,0.079,0.001,-0.119,0.049,-0.138,0.092,-0.033,-0.08,0.05,0.058,0.016,-0.022,0.165,0.287,0.774,1.317,2.023,2.652,2.73,2.591,2.012,1.399,0.779,0.355,0.133,0.078,-0.032,-0.039,0.014,0.094,0.033,0.109,0.041,0.032,-0.025,0.033,0.071,0.163,0.493,0.824,0.906,1.02,0.915,0.681,0.377,0.188,0.063,0.064,0.022,0.042,-0.042,0.009,-0.143,0.055,-0.001,0.085,0.068,0.033,0.036,0.073,0.376,0.744,1.344,2.017,2.58,2.863,2.512,1.971,1.372,0.642,0.317,0.15,0.053,-0.027,-0.094,0.051,-0.023,0.014,0.016,-0.059,-0.036,0.005,-0.057,-0.022,0.047,0.045,0.011,-0.034,-0.012,-0.027,0.02,0.003,0.02,0.005,-0.072,-0.14,-0.046,-0.014,-0.038,-0.008,0.082,-0.047,-0.031,0.05,-0.047,0.049,0.044,0.012,-0.066,-0.038,-0.074,0.009,-0.014,0.034,0.033
-0.001,-0.021,-0.022,-0.087,-0.025,0.008,0.015,-0.072,-0.01,-0.078,-0.025,-0.036,0.021,-0.059,-0.063,0.071,-0.036,0.099,-0.028,0.047,0.071,-0.026,0.087,-0.01,-0.003,0.08,-0.006,0.123,0.018,-0.054,-0.102,0.065,-0.005,-0.023,0.0,-0.015,-0.005,0.097,-0.031,-0.043,-0.1,-0.081,-0.059,-0.059,0.055,-0.006,0.068,0.031,-0.018,0.031,-0.011,-0.012,0.009,0.066,0.064,-0.041,-0.031,0.077,0.087,-0.077,-0.038,-0.038,0.023,-0.051,-0.046,-0.001,0.013,0.076,0.003,-0.042,-0.034,-0.017,-0.003,-0.021,0.003,0.056,0.036,0.132,0.308,0.711,1.471,2.325,3.223,4.258,4.933,5.471,5.587,5.574,5.337,4.948,4.309,3.325,2.378,1.416,0.774,0.32,0.089,0.084,0.007,-0.04,0.05,0.02,-0.063,0.029,0.025,0.043,-0.025,-0.003,-0.03,-0.046,0.036,-0.09,0.038,-0.065,0.007,-0.022,0.048,0.023,0.008,-0.027,0.072,-0.009,0.08,-0.028,0.072,0.379,0.584,1.135,1.64,1.888,1.939,1.621,1.147,0.808,0.375,0.104,0.109,0.315,0.696,1.331,1.992,2.633,2.85,2.612,2.112,1.354,0.766,0.405,0.126,-0.016,0.027,0.033,0.015,0.052,0.019,0.099,0.186,0.367,0.75,0.929,1.026,0.927,0.673,0.477,0.222,0.168,0.055,0.035,0.035,-0.057,-0.054,0.002,-0.001,0.0,0.015,-0.046,-0.017,0.044,-0.078,-0.009,-0.016,0.029,-0.032,-0.089,0.079,0.301,0.766,1.431,2.117,2.658,2.877,2.543,2.023,1.333,0.685,0.255,0.041,0.003,0.093,0.066,0.07,-0.042,-0.015,0.022,0.044,0.035,0.007,0.024,0.088,0.115,0.416,0.712,1.42,2.456,3.274,3.965,4.129,3.961,3.263,2.353,1.478,0.65,0.366,0.111,0.009,0.079,0.048,0.029,-0.065,0.027,0.059,-0.061,0.06,-0.111,-0.076,-0.067,0.044,-0.091,0.002,-0.015,0.016,-0.008,-0.037,0.059,-0.071,-0.082,0.051,0.103,-0.038,0.035,0.041,-0.011,0.045,0.007,0.019,-0.006,-0.012,0.061,-0.001,0.073,-0.012,0.033,0.024,-0.059,-0.007,0.023,-0.042,0.061,0.009,-0.111,-0.046,-0.02
-0.027,-0.103,-0.006,0.024,0.032,-0.026,-0.037,-0.036,-0.006,-0.025,-0.048,0.074,0.131,0.038,-0.018,0.058,0.031,-0.014,0.073,0.058,0.063,0.014,0.098,-0.005,0.025,0.008,0.067,0.047,-0.076,-0.009,0.066,0.021,-0.019,-0.007,-0.065,0.044,-0.082,-0.026,-0.079,-0.016,0.032,-0.035,0.084,-0.005,0.012,-0.017,0.043,-0.027,-0.072,-0.029,-0.008,0.041,0.006,0.031,-0.021,0.103,0.006,0.049,0.051,-0.073,-0.064,-0.042,0.066,0.057,0.055,0.067,-0.021,0.007,0.044,0.017,0.128,-0.039,0.027,0.033,0.349,0.76,1.447,2.399,3.356,4.211,4.736,4.566,4.15,3.474,2.374,1.53,0.861,0.396,0.094,0.016,-0.052,-0.095,0.077,0.1,-0.046,0.073,0.068,-0.019,-0.032,0.056,0.011,0.004,0.038,0.04,0.027,0.048,-0.016,0.057,-0.076,-0.067,-0.033,0.019,0.0,-0.033,-0.033,0.005,-0.015,0.011,-0.094,0.04,-0.01,0.009,0.019,-0.022,0.157,0.316,0.696,1.363,2.101,2.693,2.924,2.638,2.083,1.225,0.705,0.26,0.144,0.149,-0.007,0.091,0.086,-0.013,0.04,0.039,0.026,0.031,-0.054,-0.052,-0.071,0.053,0.03,-0.066,0.006,-0.002,-0.062,0.044,-0.031,0.01,0.008,0.042,-0.025,-0.015,-0.074,-0.1,-0.069,0.09,0.123,0.233,0.716,1.331,2.101,2.534,2.903,2.597,2.006,1.435,0.651,0.333,0.073,0.074,-0.016,-0.09,0.094,0.02,0.038,-0.003,-0.098,0.031,0.027,0.05,-0.041,0.008,0.086,-0.115,0.003,0.013,0.01,0.091,0.291,0.702,1.14,1.628,1.883,1.964,1.696,1.235,0.683,0.289,0.09,0.021,0.098,0.322,0.694,1.14,1.588,1.944,1.873,1.608,1.134,0.627,0.35,0.165,-0.012,-0.043,-0.036,0.076,-0.041,-0.058,0.043,-0.065,0.005,0.007,0.015,-0.012,-0.083,0.027,0.084,0.066,0.017,-0.054,-0.079,0.044,-0.037,-0.032,-0.074,-0.031,-0.091,0.046,0.046,-0.044,-0.009,0.057,0.049,-0.017,-0.015,0.021,0.116,0.021,0.023,-0.045,-0.055,-0.015,-0.083,0.033,-0.05,0.031,0.002,-0.026,-0.02,-0.053,0.007,0.039
-0.04,0.009,-0.037,0.008,-0.025,0.034,-0.016,-0.05,0.035,-0.035,-0.028,-0.036,-0.038,-0.05,-0.141,-0.029,-0.025,0.029,0.032,-0.01,0.073,0.037,0.012,-0.005,0.026,0.033,-0.038,0.004,-0.083,0.004,0.022,0.038,-0.076,-0.011,-0.002,-0.117,-0.044,0.018,-0.076,0.058,-0.075,-0.011,0.009,-0.036,-0.014,-0.005,0.047,0.08,-0.081,-0.052,-0.015,-0.049,0.015,-0.025,-0.092,0.034,0.043,0.004,-0.017,0.03,-0.01,-0.031,0.026,-0.029,0.017,0.035,-0.031,-0.036,-0.0,-0.05,-0.006,0.057,-0.022,0.029,0.03,-0.089,-0.005,-0.04,-0.013,0.047,0.332,0.804,1.425,2.338,3.349,4.251,4.881,5.099,4.853,4.183,3.338,2.49,1.474,0.783,0.337,0.095,0.059,-0.02,-0.186,-0.075,0.022,0.066,-0.087,-0.036,0.067,-0.058,-0.043,0.002,0.051,-0.018,0.015,-0.041,-0.041,0.091,0.06,-0.059,-0.015,0.12,0.353,0.625,1.134,1.55,1.835,1.84,1.633,1.111,0.658,0.365,0.123,-0.022,0.085,-0.056,-0.045,0.047,-0.01,-0.063,-0.013,0.054,-0.022,-0.047,0.001,0.018,-0.029,-0.001,0.047,-0.007,-0.077,-0.05,-0.038,-0.041,-0.018,-0.042,-0.038,-0.01,-0.015,0.118,0.108,0.369,0.646,1.036,1.687,1.938,1.883,1.739,1.169,0.797,0.195,0.145,0.06,0.036,0.078,-0.044,-0.019,0.05,0.015,0.071,0.053,0.027,0.041,0.125,-0.004,0.004,0.023,0.004,-0.082,-0.063,-0.008,-0.088,0.067,-0.015,-0.005,0.087,-0.05,0.025,0.049,0.01,0.003,-0.034,0.016,-0.063,0.006,0.047,0.027,0.028,0.022,-0.007,0.116,0.031,0.096,0.06,-0.0,0.009,-0.007,0.031,-0.001,-0.029,0.012,-0.012,0.026,0.019,0.032,0.003,0.001,0.091,-0.021,-0.029,-0.045,0.014,-0.099,0.002,0.021,0.031,0.026,-0.018,0.093,-0.075,0.03,-0.008,-0.021,-0.02,-0.056,-0.094,0.039,-0.004,-0.04,-0.005,-0.002,-0.085,-0.022,-0.036,0.015,0.004,0.038,0.031,-0.057,-0.044,0.042,0.014,0.041,0.053,0.044,-0.014,-0.068,0.049,-0.086,-0.018,-0.01,-0.061,0.033,-0.038,-0.081,-0.098
